Category,Subcategory,Product Title,Price,Rating,Product URL
Electronics,Mobiles,"Redmi A4 5G (Starry Black, 4GB RAM, 128GB Storage) | Global Debut SD 4s Gen 2 | Segment Largest 6.88in 120Hz | 50MP Dual Camera | 18W Fast Charging",9499,3.9,https://www.amazon.in/Redmi-A4-5G-Storage-Charging/dp/B0DLW4QD72/ref=sr_1_1?dib=eyJ2IjoiMSJ9.VCGDh_2fhH91hDNMHhlsFqByoisDm1YQ6QsXoeLt92A5cAT-Wl-T-3krOfyDpW_g8uDoSM2MmQf8nT_u4IdpGt2otqearusIL3QsSyX9axqo1A9J0lKJLX2SZgtwvffJSAFdBIldv4NIeD_TdD67qzQynnLoqKm8mohTL1Aq2IQYcfDwAiWGxecrt7kDq7DjZ6_IUYpkCv5pPg8Bq7U0lUsaf-I2QZxCkYjftyM3uyU.Zg9UGwHrrwxR15x89q9zNfaJKfVmpez_oV4YRXO8_wI&dib_tag=se&keywords=mobiles&qid=1747504771&sr=8-1
Electronics,Mobiles,"Samsung Galaxy M05 (Mint Green, 4GB RAM, 64 GB Storage) | 50MP Dual Camera | Bigger 6.7"" HD+ Display | 5000mAh Battery | 25W Fast Charging | 2 Gen OS Upgrade & 4 Year Security Update | Without Charger",6499,4,https://www.amazon.in/Samsung-Storage-Display-Charging-Security/dp/B0DFY3XCB6/ref=sr_1_2?dib=eyJ2IjoiMSJ9.VCGDh_2fhH91hDNMHhlsFqByoisDm1YQ6QsXoeLt92A5cAT-Wl-T-3krOfyDpW_g8uDoSM2MmQf8nT_u4IdpGt2otqearusIL3QsSyX9axqo1A9J0lKJLX2SZgtwvffJSAFdBIldv4NIeD_TdD67qzQynnLoqKm8mohTL1Aq2IQYcfDwAiWGxecrt7kDq7DjZ6_IUYpkCv5pPg8Bq7U0lUsaf-I2QZxCkYjftyM3uyU.Zg9UGwHrrwxR15x89q9zNfaJKfVmpez_oV4YRXO8_wI&dib_tag=se&keywords=mobiles&qid=1747504771&sr=8-2
Electronics,Mobiles,"iQOO Z9 Lite 5G (Mocha Brown, 6GB RAM, 128GB Storage) | Dimensity 6300 5G | 50MP Sony AI Camera | Charger in The Box",11499,4.1,https://www.amazon.in/iQOO-Storage-Dimensity-Camera-Charger/dp/B07WHQS4LB/ref=sr_1_3?dib=eyJ2IjoiMSJ9.VCGDh_2fhH91hDNMHhlsFqByoisDm1YQ6QsXoeLt92A5cAT-Wl-T-3krOfyDpW_g8uDoSM2MmQf8nT_u4IdpGt2otqearusIL3QsSyX9axqo1A9J0lKJLX2SZgtwvffJSAFdBIldv4NIeD_TdD67qzQynnLoqKm8mohTL1Aq2IQYcfDwAiWGxecrt7kDq7DjZ6_IUYpkCv5pPg8Bq7U0lUsaf-I2QZxCkYjftyM3uyU.Zg9UGwHrrwxR15x89q9zNfaJKfVmpez_oV4YRXO8_wI&dib_tag=se&keywords=mobiles&qid=1747504771&sr=8-3
Electronics,Mobiles,"realme NARZO N61 (Voyage Blue,6GB RAM+128GB Storage) 90Hz Eye Comfort Display | IP54 Dust & Water Resistance | 48-Month Fluency | Charger in The Box",8498,4,https://www.amazon.in/realme-Storage-Comfort-Resistance-48-Month/dp/B0D947DTLT/ref=sr_1_4?dib=eyJ2IjoiMSJ9.VCGDh_2fhH91hDNMHhlsFqByoisDm1YQ6QsXoeLt92A5cAT-Wl-T-3krOfyDpW_g8uDoSM2MmQf8nT_u4IdpGt2otqearusIL3QsSyX9axqo1A9J0lKJLX2SZgtwvffJSAFdBIldv4NIeD_TdD67qzQynnLoqKm8mohTL1Aq2IQYcfDwAiWGxecrt7kDq7DjZ6_IUYpkCv5pPg8Bq7U0lUsaf-I2QZxCkYjftyM3uyU.Zg9UGwHrrwxR15x89q9zNfaJKfVmpez_oV4YRXO8_wI&dib_tag=se&keywords=mobiles&qid=1747504771&sr=8-4
Electronics,Mobiles,"OnePlus Nord CE4 Lite 5G (Super Silver, 8GB RAM, 128GB Storage)",17998,4.1,https://www.amazon.in/OnePlus-Super-Silver-128GB-Storage/dp/B0D5YCYS1G/ref=sr_1_5?dib=eyJ2IjoiMSJ9.VCGDh_2fhH91hDNMHhlsFqByoisDm1YQ6QsXoeLt92A5cAT-Wl-T-3krOfyDpW_g8uDoSM2MmQf8nT_u4IdpGt2otqearusIL3QsSyX9axqo1A9J0lKJLX2SZgtwvffJSAFdBIldv4NIeD_TdD67qzQynnLoqKm8mohTL1Aq2IQYcfDwAiWGxecrt7kDq7DjZ6_IUYpkCv5pPg8Bq7U0lUsaf-I2QZxCkYjftyM3uyU.Zg9UGwHrrwxR15x89q9zNfaJKfVmpez_oV4YRXO8_wI&dib_tag=se&keywords=mobiles&qid=1747504771&sr=8-5
Electronics,Mobiles,"Samsung Galaxy M06 5G (Sage Green, 6GB RAM, 128 GB Storage) | MediaTek Dimensity 6300 | AnTuTu Score 422K+ | 12 5G Bands| 25W Fast Charging | 4 Gen. of OS Upgrades | Without Charger",9999,3.6,https://www.amazon.in/Samsung-MediaTek-Dimensity-Charging-Upgrades/dp/B0DX655V11/ref=sr_1_6?dib=eyJ2IjoiMSJ9.VCGDh_2fhH91hDNMHhlsFqByoisDm1YQ6QsXoeLt92A5cAT-Wl-T-3krOfyDpW_g8uDoSM2MmQf8nT_u4IdpGt2otqearusIL3QsSyX9axqo1A9J0lKJLX2SZgtwvffJSAFdBIldv4NIeD_TdD67qzQynnLoqKm8mohTL1Aq2IQYcfDwAiWGxecrt7kDq7DjZ6_IUYpkCv5pPg8Bq7U0lUsaf-I2QZxCkYjftyM3uyU.Zg9UGwHrrwxR15x89q9zNfaJKfVmpez_oV4YRXO8_wI&dib_tag=se&keywords=mobiles&qid=1747504771&sr=8-6
Electronics,Mobiles,"Redmi 13 5G, Black Diamond, 8GB+128GB | India Debut SD 4 Gen 2 AE | 108MP Pro Grade Camera | 6.79in Largest Display in Segment",13999,4,https://www.amazon.in/Redmi-Diamond-Largest-Display-Segment/dp/B0D78Y577J/ref=sr_1_7?dib=eyJ2IjoiMSJ9.VCGDh_2fhH91hDNMHhlsFqByoisDm1YQ6QsXoeLt92A5cAT-Wl-T-3krOfyDpW_g8uDoSM2MmQf8nT_u4IdpGt2otqearusIL3QsSyX9axqo1A9J0lKJLX2SZgtwvffJSAFdBIldv4NIeD_TdD67qzQynnLoqKm8mohTL1Aq2IQYcfDwAiWGxecrt7kDq7DjZ6_IUYpkCv5pPg8Bq7U0lUsaf-I2QZxCkYjftyM3uyU.Zg9UGwHrrwxR15x89q9zNfaJKfVmpez_oV4YRXO8_wI&dib_tag=se&keywords=mobiles&qid=1747504771&sr=8-7
Electronics,Mobiles,"Redmi A4 5G (Sparkle Purple, 4GB RAM, 128GB Storage) | Global Debut SD 4s Gen 2 | Segment Largest 6.88in 120Hz | 50MP Dual Camera | 18W Fast Charging",9499,3.9,https://www.amazon.in/Redmi-Sparkle-Storage-Segment-Charging/dp/B0DLW44CGS/ref=sr_1_8?dib=eyJ2IjoiMSJ9.VCGDh_2fhH91hDNMHhlsFqByoisDm1YQ6QsXoeLt92A5cAT-Wl-T-3krOfyDpW_g8uDoSM2MmQf8nT_u4IdpGt2otqearusIL3QsSyX9axqo1A9J0lKJLX2SZgtwvffJSAFdBIldv4NIeD_TdD67qzQynnLoqKm8mohTL1Aq2IQYcfDwAiWGxecrt7kDq7DjZ6_IUYpkCv5pPg8Bq7U0lUsaf-I2QZxCkYjftyM3uyU.Zg9UGwHrrwxR15x89q9zNfaJKfVmpez_oV4YRXO8_wI&dib_tag=se&keywords=mobiles&qid=1747504771&sr=8-8
Electronics,Mobiles,"realme GT 6T 5G (Fluid Silver,8GB RAM+256GB Storage) | India's 1st 7+ Gen 3 Flagship Chipset | 1.5M + AnTuTu Score | 5500mAh+120W | The World's Brightest Flagship Display",24998,4.3,https://www.amazon.in/realme-Storage-Flagship-Chipset-Brightest/dp/B0D3J9FN5C/ref=sr_1_9?dib=eyJ2IjoiMSJ9.VCGDh_2fhH91hDNMHhlsFqByoisDm1YQ6QsXoeLt92A5cAT-Wl-T-3krOfyDpW_g8uDoSM2MmQf8nT_u4IdpGt2otqearusIL3QsSyX9axqo1A9J0lKJLX2SZgtwvffJSAFdBIldv4NIeD_TdD67qzQynnLoqKm8mohTL1Aq2IQYcfDwAiWGxecrt7kDq7DjZ6_IUYpkCv5pPg8Bq7U0lUsaf-I2QZxCkYjftyM3uyU.Zg9UGwHrrwxR15x89q9zNfaJKfVmpez_oV4YRXO8_wI&dib_tag=se&keywords=mobiles&qid=1747504771&sr=8-9
Electronics,Mobiles,"realme NARZO N61 (Voyage Blue,4GB RAM+64GB Storage) 90Hz Eye Comfort Display | IP54 Dust & Water Resistance | 48-Month Fluency | Charger in The Box",7498,4,https://www.amazon.in/realme-Storage-Comfort-Resistance-48-Month/dp/B0D945V84N/ref=sr_1_10?dib=eyJ2IjoiMSJ9.VCGDh_2fhH91hDNMHhlsFqByoisDm1YQ6QsXoeLt92A5cAT-Wl-T-3krOfyDpW_g8uDoSM2MmQf8nT_u4IdpGt2otqearusIL3QsSyX9axqo1A9J0lKJLX2SZgtwvffJSAFdBIldv4NIeD_TdD67qzQynnLoqKm8mohTL1Aq2IQYcfDwAiWGxecrt7kDq7DjZ6_IUYpkCv5pPg8Bq7U0lUsaf-I2QZxCkYjftyM3uyU.Zg9UGwHrrwxR15x89q9zNfaJKfVmpez_oV4YRXO8_wI&dib_tag=se&keywords=mobiles&qid=1747504771&sr=8-10
Electronics,Laptops,"Lenovo IdeaPad Slim 3, Intel Core i5-12450H, 12th Gen, 16GB RAM, 512GB SSD, FHD, 14""/35.5cm, Windows 11, MS Office Home 2024, Grey, 1.37Kg, 83EQ0072IN, Alexa Built-in, 3 mon. Game Pass Laptop",52390,3.9,https://www.amazon.in/Lenovo-IdeaPad-i5-12450H-Windows-83EQ0072IN/dp/B0DP7BZ8FD/ref=sr_1_1?dib=eyJ2IjoiMSJ9.mYj4uVhBQcK0_-NS9GYdL_cXg8zZLUneouVrdDV1t2-MQcZCr3kU6uTEW2roo3AKlPy1RDAGoJmGxGBIOM9o64CZRn0OexGv0-WXCqfmQK1iB7OIj-R9W9O0cwWY7IpIDTJ7UZXoLDUnBuwXigg3TG61jEiJXilH8KWewYMTd2DbVcVe5_lejTSVw0jUcALZxQ83emNAah8rJ3iwboGYScTquU5qLtBfDgY7V538-3o.gHyYqEuG4NEGaxV3THdCHODPL6vAxLQybZ1cY0hHceY&dib_tag=se&keywords=laptops&qid=1747506709&sr=8-1
Electronics,Laptops,"HP Victus, AMD Ryzen 5 5600H, NVIDIA RTX 3050, 16GB DDR4, 512GB SSD (Win11, Office21, Blue, 2.37kg) 144Hz, 9MS, IPS, 15.6-inch(39.6cm) Gaming Laptop, Backlit kb, Enhanced Cooling, fb0106AX/Fb0112AX",62990,4.1,https://www.amazon.in/HP-GeForce-Graphics-Response-15-fb0106AX/dp/B0BWS9YNCX/ref=sr_1_2?dib=eyJ2IjoiMSJ9.mYj4uVhBQcK0_-NS9GYdL_cXg8zZLUneouVrdDV1t2-MQcZCr3kU6uTEW2roo3AKlPy1RDAGoJmGxGBIOM9o64CZRn0OexGv0-WXCqfmQK1iB7OIj-R9W9O0cwWY7IpIDTJ7UZXoLDUnBuwXigg3TG61jEiJXilH8KWewYMTd2DbVcVe5_lejTSVw0jUcALZxQ83emNAah8rJ3iwboGYScTquU5qLtBfDgY7V538-3o.gHyYqEuG4NEGaxV3THdCHODPL6vAxLQybZ1cY0hHceY&dib_tag=se&keywords=laptops&qid=1747506709&sr=8-2
Electronics,Laptops,"Lenovo V15 G4 AMD Ryzen 5 7520U 15.6 inch FHD Thin & Lite Laptop, AMD Graphics, 16GB DDR5 5500Mhz Ram, 512GB SSD NVMe, Windows 11, Dolby Audio, Arctic Grey, 1 Year Onsite Brand Warranty",34990,4.5,https://www.amazon.in/Lenovo-Graphics-5500Mhz-Windows-Warranty/dp/B0F29HNJL1/ref=sr_1_3?dib=eyJ2IjoiMSJ9.mYj4uVhBQcK0_-NS9GYdL_cXg8zZLUneouVrdDV1t2-MQcZCr3kU6uTEW2roo3AKlPy1RDAGoJmGxGBIOM9o64CZRn0OexGv0-WXCqfmQK1iB7OIj-R9W9O0cwWY7IpIDTJ7UZXoLDUnBuwXigg3TG61jEiJXilH8KWewYMTd2DbVcVe5_lejTSVw0jUcALZxQ83emNAah8rJ3iwboGYScTquU5qLtBfDgY7V538-3o.gHyYqEuG4NEGaxV3THdCHODPL6vAxLQybZ1cY0hHceY&dib_tag=se&keywords=laptops&qid=1747506709&sr=8-3
Electronics,Laptops,"Apple MacBook Air Laptop: Apple M1 chip, 13.3-inch/33.74 cm Retina Display, 8GB RAM, 256GB SSD Storage, Backlit Keyboard, FaceTime HD Camera, Touch ID. Works with iPhone/iPad; Space Grey",60990,4.6,https://www.amazon.in/Apple-MacBook-Chip-13-inch-256GB/dp/B08N5W4NNB/ref=sr_1_4?dib=eyJ2IjoiMSJ9.mYj4uVhBQcK0_-NS9GYdL_cXg8zZLUneouVrdDV1t2-MQcZCr3kU6uTEW2roo3AKlPy1RDAGoJmGxGBIOM9o64CZRn0OexGv0-WXCqfmQK1iB7OIj-R9W9O0cwWY7IpIDTJ7UZXoLDUnBuwXigg3TG61jEiJXilH8KWewYMTd2DbVcVe5_lejTSVw0jUcALZxQ83emNAah8rJ3iwboGYScTquU5qLtBfDgY7V538-3o.gHyYqEuG4NEGaxV3THdCHODPL6vAxLQybZ1cY0hHceY&dib_tag=se&keywords=laptops&qid=1747506709&sr=8-4
Electronics,Laptops,"ASUS TUF Gaming A15, 15.6"" (39.62cm) FHD 16:9 144Hz, AMD Ryzen 7 7435HS, Gaming Laptop (16 DDR5/512GB SSD/NVIDIA GeForce RTX 2050/Windows 11 Home/Graphite Black/2.30 Kg), FA506NFR-HN045W",56990,3.9,https://www.amazon.in/ASUS-Gaming-15-6-39-62cm-FA506NFR-HN045W/dp/B0CDQ5CW9V/ref=sr_1_5?dib=eyJ2IjoiMSJ9.mYj4uVhBQcK0_-NS9GYdL_cXg8zZLUneouVrdDV1t2-MQcZCr3kU6uTEW2roo3AKlPy1RDAGoJmGxGBIOM9o64CZRn0OexGv0-WXCqfmQK1iB7OIj-R9W9O0cwWY7IpIDTJ7UZXoLDUnBuwXigg3TG61jEiJXilH8KWewYMTd2DbVcVe5_lejTSVw0jUcALZxQ83emNAah8rJ3iwboGYScTquU5qLtBfDgY7V538-3o.gHyYqEuG4NEGaxV3THdCHODPL6vAxLQybZ1cY0hHceY&dib_tag=se&keywords=laptops&qid=1747506709&sr=8-5
Electronics,Laptops,"Dell Inspiron 3530 Laptop, 13th Gen Intel Core i5-1334U Processor, 16GB, 512GB SSD, 15.6""(39.62cm) FHD 120Hz 250 nits, Backlit KB, Windows 11 + MSO'24 & 15 Month McAfee, Silver, Thin & Light- 1.62kg",54990,3.6,https://www.amazon.in/Dell-Inspiron-i5-1334U-Processor-39-62cm/dp/B0D2Y1BLDT/ref=sr_1_6?dib=eyJ2IjoiMSJ9.mYj4uVhBQcK0_-NS9GYdL_cXg8zZLUneouVrdDV1t2-MQcZCr3kU6uTEW2roo3AKlPy1RDAGoJmGxGBIOM9o64CZRn0OexGv0-WXCqfmQK1iB7OIj-R9W9O0cwWY7IpIDTJ7UZXoLDUnBuwXigg3TG61jEiJXilH8KWewYMTd2DbVcVe5_lejTSVw0jUcALZxQ83emNAah8rJ3iwboGYScTquU5qLtBfDgY7V538-3o.gHyYqEuG4NEGaxV3THdCHODPL6vAxLQybZ1cY0hHceY&dib_tag=se&keywords=laptops&qid=1747506709&sr=8-6
Electronics,Laptops,"HP 255 Notebook, AMD Athlon Silver 7120U,8GB DDR4, 256GB SSD, 15.6-inch(39.6cm),Anti-Glare, HD Laptop, Radeon Graphics, (Win 11, Silver,1.52kg) G10",23265,4.6,https://www.amazon.in/HP-Notebook-15-6-inch-Anti-Glare-Graphics/dp/B0DV984J97/ref=sr_1_7?dib=eyJ2IjoiMSJ9.mYj4uVhBQcK0_-NS9GYdL_cXg8zZLUneouVrdDV1t2-MQcZCr3kU6uTEW2roo3AKlPy1RDAGoJmGxGBIOM9o64CZRn0OexGv0-WXCqfmQK1iB7OIj-R9W9O0cwWY7IpIDTJ7UZXoLDUnBuwXigg3TG61jEiJXilH8KWewYMTd2DbVcVe5_lejTSVw0jUcALZxQ83emNAah8rJ3iwboGYScTquU5qLtBfDgY7V538-3o.gHyYqEuG4NEGaxV3THdCHODPL6vAxLQybZ1cY0hHceY&dib_tag=se&keywords=laptops&qid=1747506709&sr=8-7
Electronics,Laptops,"Lenovo V15 AMD Ryzen 3 7320U 15.6"" (39.62cm) FHD 250 Nits Antiglare Thin and Light Laptop (8GB/512GB SSD/Windows 11 Home/Arctic Grey/1.63 Kg), 83CQ000XIN",28490,3.5,https://www.amazon.in/Lenovo-39-62cm-Antiglare-Windows-83CQ000XIN/dp/B0DVGQPW13/ref=sr_1_8?dib=eyJ2IjoiMSJ9.mYj4uVhBQcK0_-NS9GYdL_cXg8zZLUneouVrdDV1t2-MQcZCr3kU6uTEW2roo3AKlPy1RDAGoJmGxGBIOM9o64CZRn0OexGv0-WXCqfmQK1iB7OIj-R9W9O0cwWY7IpIDTJ7UZXoLDUnBuwXigg3TG61jEiJXilH8KWewYMTd2DbVcVe5_lejTSVw0jUcALZxQ83emNAah8rJ3iwboGYScTquU5qLtBfDgY7V538-3o.gHyYqEuG4NEGaxV3THdCHODPL6vAxLQybZ1cY0hHceY&dib_tag=se&keywords=laptops&qid=1747506709&sr=8-8
Electronics,Laptops,"Acer Aspire Lite, AMD Ryzen 3 5300U Processor (8GB RAM, 512GB SSD) Full HD, 15.6""/39.62cm, Windows 11 Home, Steel Gray, 1.59 kg, AL15-41, Metal Body, Premium Thin and Light Laptop",26990,3.9,https://www.amazon.in/Acer-Smartchoice-Premium-Windows-AL15-41/dp/B0CWTSF1TK/ref=sr_1_9?dib=eyJ2IjoiMSJ9.mYj4uVhBQcK0_-NS9GYdL_cXg8zZLUneouVrdDV1t2-MQcZCr3kU6uTEW2roo3AKlPy1RDAGoJmGxGBIOM9o64CZRn0OexGv0-WXCqfmQK1iB7OIj-R9W9O0cwWY7IpIDTJ7UZXoLDUnBuwXigg3TG61jEiJXilH8KWewYMTd2DbVcVe5_lejTSVw0jUcALZxQ83emNAah8rJ3iwboGYScTquU5qLtBfDgY7V538-3o.gHyYqEuG4NEGaxV3THdCHODPL6vAxLQybZ1cY0hHceY&dib_tag=se&keywords=laptops&qid=1747506709&sr=8-9
Electronics,Laptops,"Lenovo IdeaPad Slim 3, Intel Core i3, 12th Gen, 8GB RAM, 512GB SSD, FHD, 15.6""/39.62cm, Windows 11, Office Home 2024, Arctic Grey, 1.63Kg, 82RK01ABIN, Intel UHD Graphics, 1Yr ADP Free Laptop",32990,3.9,https://www.amazon.in/Lenovo-IdeaPad-39-62cm-Warranty-82RK006DIN/dp/B0B4JPC8GT/ref=sr_1_10?dib=eyJ2IjoiMSJ9.mYj4uVhBQcK0_-NS9GYdL_cXg8zZLUneouVrdDV1t2-MQcZCr3kU6uTEW2roo3AKlPy1RDAGoJmGxGBIOM9o64CZRn0OexGv0-WXCqfmQK1iB7OIj-R9W9O0cwWY7IpIDTJ7UZXoLDUnBuwXigg3TG61jEiJXilH8KWewYMTd2DbVcVe5_lejTSVw0jUcALZxQ83emNAah8rJ3iwboGYScTquU5qLtBfDgY7V538-3o.gHyYqEuG4NEGaxV3THdCHODPL6vAxLQybZ1cY0hHceY&dib_tag=se&keywords=laptops&qid=1747506709&sr=8-10
Fashion,Men's Clothing,Van Heusen Solid Formal Shirt for Men| Premium Cotton| Full Sleeves| Slim Fit |Breathable Fabric,999,3.9,https://www.amazon.in/Van-Heusen-Mens-Shirt-VHSFRSLBN06814_Medium/dp/B0B5YFFCQF/ref=sr_1_1?dib=eyJ2IjoiMSJ9.0ChJVkFJ62HndBNGLJZ1tupwIbgJZfNkKApa4DWtZq0tZIdC7Qe76pbd4cX8AjfHwWTne-uKzqiNF-Yib981S2wZMOwVA-c0xzV8pGnhEWO-ObVepxjT6WJpZ07H_31-3h4n0jqs0MV4g5veXtF0j8Uu3nCV_SlZzqEsRtyCwlSFa80j4VJuN16VMDE0Pe8QGnwiJTCk_a1tFcq8GlxuX5Ggq3trtmF5kGBV4x-iIT6VCeax7XTXaly84Ex9Y7mlf4CqyQQEXUYdV2LHjw1iUpOUqe_dSaImAhSLFsNlsf8.KbCsOUEy-6r40iWMl729iXVeSFiUFFihl5sDxABBwcI&dib_tag=se&keywords=mens+clothing&qid=1747506043&sr=8-1
Fashion,Men's Clothing,Pepe Jeans Innerwear Men's Regular Fit Track Pants,719,3.2,https://www.amazon.in/Pepe-Jeans-Innerwear-Regular-PPTR01_Navy_M/dp/B0CFYBG4VZ/ref=sr_1_2?dib=eyJ2IjoiMSJ9.0ChJVkFJ62HndBNGLJZ1tupwIbgJZfNkKApa4DWtZq0tZIdC7Qe76pbd4cX8AjfHwWTne-uKzqiNF-Yib981S2wZMOwVA-c0xzV8pGnhEWO-ObVepxjT6WJpZ07H_31-3h4n0jqs0MV4g5veXtF0j8Uu3nCV_SlZzqEsRtyCwlSFa80j4VJuN16VMDE0Pe8QGnwiJTCk_a1tFcq8GlxuX5Ggq3trtmF5kGBV4x-iIT6VCeax7XTXaly84Ex9Y7mlf4CqyQQEXUYdV2LHjw1iUpOUqe_dSaImAhSLFsNlsf8.KbCsOUEy-6r40iWMl729iXVeSFiUFFihl5sDxABBwcI&dib_tag=se&keywords=mens+clothing&qid=1747506043&sr=8-2
Fashion,Men's Clothing,CB-COLEBROOK Men's Casual Button Down Shirts Long Sleeve Linen Shirt Fashion Textured Beach Summer Shirts,499,3.9,https://www.amazon.in/CB-COLEBROOK-Casual-Fashion-Textured-X-Large/dp/B0D77NHDNF/ref=sr_1_3?dib=eyJ2IjoiMSJ9.0ChJVkFJ62HndBNGLJZ1tupwIbgJZfNkKApa4DWtZq0tZIdC7Qe76pbd4cX8AjfHwWTne-uKzqiNF-Yib981S2wZMOwVA-c0xzV8pGnhEWO-ObVepxjT6WJpZ07H_31-3h4n0jqs0MV4g5veXtF0j8Uu3nCV_SlZzqEsRtyCwlSFa80j4VJuN16VMDE0Pe8QGnwiJTCk_a1tFcq8GlxuX5Ggq3trtmF5kGBV4x-iIT6VCeax7XTXaly84Ex9Y7mlf4CqyQQEXUYdV2LHjw1iUpOUqe_dSaImAhSLFsNlsf8.KbCsOUEy-6r40iWMl729iXVeSFiUFFihl5sDxABBwcI&dib_tag=se&keywords=mens+clothing&qid=1747506043&sr=8-3
Fashion,Men's Clothing,BULLMER Trendy Clothing Set with Shirt & Pants Co-ords for Men,899,3.9,https://www.amazon.in/BULLMER-Cotton-Trendy-Clothing-Co-Ords/dp/B0CT8XW4PV/ref=sr_1_4?dib=eyJ2IjoiMSJ9.0ChJVkFJ62HndBNGLJZ1tupwIbgJZfNkKApa4DWtZq0tZIdC7Qe76pbd4cX8AjfHwWTne-uKzqiNF-Yib981S2wZMOwVA-c0xzV8pGnhEWO-ObVepxjT6WJpZ07H_31-3h4n0jqs0MV4g5veXtF0j8Uu3nCV_SlZzqEsRtyCwlSFa80j4VJuN16VMDE0Pe8QGnwiJTCk_a1tFcq8GlxuX5Ggq3trtmF5kGBV4x-iIT6VCeax7XTXaly84Ex9Y7mlf4CqyQQEXUYdV2LHjw1iUpOUqe_dSaImAhSLFsNlsf8.KbCsOUEy-6r40iWMl729iXVeSFiUFFihl5sDxABBwcI&dib_tag=se&keywords=mens+clothing&qid=1747506043&sr=8-4
Fashion,Men's Clothing,Zombom Cotton Blend Solid Casual Regular Fit Mandarin/Chinese Collor Short Kurta for Men,499,3.8,https://www.amazon.in/Zombom-Cotton-Regular-Mandarin-Chinese/dp/B0D3XJTM9B/ref=sr_1_5?dib=eyJ2IjoiMSJ9.0ChJVkFJ62HndBNGLJZ1tupwIbgJZfNkKApa4DWtZq0tZIdC7Qe76pbd4cX8AjfHwWTne-uKzqiNF-Yib981S2wZMOwVA-c0xzV8pGnhEWO-ObVepxjT6WJpZ07H_31-3h4n0jqs0MV4g5veXtF0j8Uu3nCV_SlZzqEsRtyCwlSFa80j4VJuN16VMDE0Pe8QGnwiJTCk_a1tFcq8GlxuX5Ggq3trtmF5kGBV4x-iIT6VCeax7XTXaly84Ex9Y7mlf4CqyQQEXUYdV2LHjw1iUpOUqe_dSaImAhSLFsNlsf8.KbCsOUEy-6r40iWMl729iXVeSFiUFFihl5sDxABBwcI&dib_tag=se&keywords=mens+clothing&qid=1747506043&sr=8-5
Fashion,Men's Clothing,Lymio Men Cargo || Men Cargo Pants || Men Cargo Pants Cotton || Cargos for Men (Cargo-38-41),699,3.8,https://www.amazon.in/Lymio-Cotton-Cargos-Cargo-38-41-Khakhi/dp/B0D91WCYXJ/ref=sr_1_6?dib=eyJ2IjoiMSJ9.0ChJVkFJ62HndBNGLJZ1tupwIbgJZfNkKApa4DWtZq0tZIdC7Qe76pbd4cX8AjfHwWTne-uKzqiNF-Yib981S2wZMOwVA-c0xzV8pGnhEWO-ObVepxjT6WJpZ07H_31-3h4n0jqs0MV4g5veXtF0j8Uu3nCV_SlZzqEsRtyCwlSFa80j4VJuN16VMDE0Pe8QGnwiJTCk_a1tFcq8GlxuX5Ggq3trtmF5kGBV4x-iIT6VCeax7XTXaly84Ex9Y7mlf4CqyQQEXUYdV2LHjw1iUpOUqe_dSaImAhSLFsNlsf8.KbCsOUEy-6r40iWMl729iXVeSFiUFFihl5sDxABBwcI&dib_tag=se&keywords=mens+clothing&qid=1747506043&sr=8-6
Fashion,Men's Clothing,GRECIILOOKS Trouser Pant for Men | Loose Fit Man Track Pants | Formal Causal Regular Fit | Baggy Stylish | Relaxed Cargo | Summer| Stretchable (Sports | Gym | Yoga),499,3.8,https://www.amazon.in/GRECIILOOKS-Regular-Track-Pant-Gl-Tp-1011-Large-White/dp/B0CXPWH84N/ref=sr_1_7?dib=eyJ2IjoiMSJ9.0ChJVkFJ62HndBNGLJZ1tupwIbgJZfNkKApa4DWtZq0tZIdC7Qe76pbd4cX8AjfHwWTne-uKzqiNF-Yib981S2wZMOwVA-c0xzV8pGnhEWO-ObVepxjT6WJpZ07H_31-3h4n0jqs0MV4g5veXtF0j8Uu3nCV_SlZzqEsRtyCwlSFa80j4VJuN16VMDE0Pe8QGnwiJTCk_a1tFcq8GlxuX5Ggq3trtmF5kGBV4x-iIT6VCeax7XTXaly84Ex9Y7mlf4CqyQQEXUYdV2LHjw1iUpOUqe_dSaImAhSLFsNlsf8.KbCsOUEy-6r40iWMl729iXVeSFiUFFihl5sDxABBwcI&dib_tag=se&keywords=mens+clothing&qid=1747506043&sr=8-7
Fashion,Men's Clothing,Bellstone Men's Solid Regular Fit Dress Shirt,399,3.6,https://www.amazon.in/Bellstone-Solid-Cotton-Blend-Straight/dp/B0CJJRXQKX/ref=sr_1_8?dib=eyJ2IjoiMSJ9.0ChJVkFJ62HndBNGLJZ1tupwIbgJZfNkKApa4DWtZq0tZIdC7Qe76pbd4cX8AjfHwWTne-uKzqiNF-Yib981S2wZMOwVA-c0xzV8pGnhEWO-ObVepxjT6WJpZ07H_31-3h4n0jqs0MV4g5veXtF0j8Uu3nCV_SlZzqEsRtyCwlSFa80j4VJuN16VMDE0Pe8QGnwiJTCk_a1tFcq8GlxuX5Ggq3trtmF5kGBV4x-iIT6VCeax7XTXaly84Ex9Y7mlf4CqyQQEXUYdV2LHjw1iUpOUqe_dSaImAhSLFsNlsf8.KbCsOUEy-6r40iWMl729iXVeSFiUFFihl5sDxABBwcI&dib_tag=se&keywords=mens+clothing&qid=1747506043&sr=8-8
Fashion,Men's Clothing,TAGDO Men's Solid Shirt with Chest Pocket Short Sleeve Shirt for Summer Outdoor Activities (5182),359,3.9,https://www.amazon.in/TAGDO-Outdoor-Activities-Sugar-Shirt-5182-Off-White-XL/dp/B0D2NW5FV4/ref=sr_1_9?dib=eyJ2IjoiMSJ9.0ChJVkFJ62HndBNGLJZ1tupwIbgJZfNkKApa4DWtZq0tZIdC7Qe76pbd4cX8AjfHwWTne-uKzqiNF-Yib981S2wZMOwVA-c0xzV8pGnhEWO-ObVepxjT6WJpZ07H_31-3h4n0jqs0MV4g5veXtF0j8Uu3nCV_SlZzqEsRtyCwlSFa80j4VJuN16VMDE0Pe8QGnwiJTCk_a1tFcq8GlxuX5Ggq3trtmF5kGBV4x-iIT6VCeax7XTXaly84Ex9Y7mlf4CqyQQEXUYdV2LHjw1iUpOUqe_dSaImAhSLFsNlsf8.KbCsOUEy-6r40iWMl729iXVeSFiUFFihl5sDxABBwcI&dib_tag=se&keywords=mens+clothing&qid=1747506043&sr=8-9
Fashion,Men's Clothing,Lymio Polo T Shirt for Men || Men Casual T-Shirt (Polo 44-47),399,3.8,https://www.amazon.in/Lymio-Polo-Casual-T-Shirt-Polo-46-Orange-M/dp/B0DP7PFL12/ref=sr_1_10?dib=eyJ2IjoiMSJ9.0ChJVkFJ62HndBNGLJZ1tupwIbgJZfNkKApa4DWtZq0tZIdC7Qe76pbd4cX8AjfHwWTne-uKzqiNF-Yib981S2wZMOwVA-c0xzV8pGnhEWO-ObVepxjT6WJpZ07H_31-3h4n0jqs0MV4g5veXtF0j8Uu3nCV_SlZzqEsRtyCwlSFa80j4VJuN16VMDE0Pe8QGnwiJTCk_a1tFcq8GlxuX5Ggq3trtmF5kGBV4x-iIT6VCeax7XTXaly84Ex9Y7mlf4CqyQQEXUYdV2LHjw1iUpOUqe_dSaImAhSLFsNlsf8.KbCsOUEy-6r40iWMl729iXVeSFiUFFihl5sDxABBwcI&dib_tag=se&keywords=mens+clothing&qid=1747506043&sr=8-10
Fashion,Women's Clothing,IQBAL FASHION Big Size Kurti (Free Size),720,4,https://www.amazon.in/sspa/click?ie=UTF8&spc=MTo4NzAxMTE5NDU4ODcxMTcyOjE3NDc1MDg1ODA6c3BfYXRmOjMwMDU1ODA4NDI0NDIzMjo6MDo6&url=%2FIQBAL-FASHION-Size-Kurti-Free%2Fdp%2FB0F7HL5YN1%2Fref%3Dsr_1_1_sspa%3Fdib%3DeyJ2IjoiMSJ9.OWx_ipHDxnEZ6cSrCPdXxNMSsNcyEmofaFULnCHtMhLkkWnFDMVKJGZEC-K2RkyDNIXW8stnEuF2EL-OO1pRKj-ybIGlths6OvOG_jnvy4yhN_K8rid-zzG1yF2_b0iNMBd08QRBLPCMKagCOKFXUyaDPm2TGbQK3r4OWw7G30fN8FkfWgl87E7UzGAuDNUZaZ8xQru9zttrn-ATl8a12KlT9_Xdtbm7B48KI5lKVR6U2P2pb1PlPr7EKMHlb4K2wBa4rneqfqdgS8U6uQib98vfAGWaCVqXo7Lx7qiPy_0.m7xyTUJG2hZUo6DOZYikrM8KbN1fhp1ANx0k5HttDIE%26dib_tag%3Dse%26keywords%3Dwomens%2Bclothing%26qid%3D1747508580%26sr%3D8-1-spons%26sp_csd%3Dd2lkZ2V0TmFtZT1zcF9hdGY%26psc%3D1
Fashion,Women's Clothing,HSR Winter Warm Thermal Fleece Lined Women Leggings Pants (Waist Size : 26 to 34 Inch Stretchable) (Black-Ankle),369,3.9,https://www.amazon.in/sspa/click?ie=UTF8&spc=MTo4NzAxMTE5NDU4ODcxMTcyOjE3NDc1MDg1ODA6c3BfYXRmOjMwMDQ2MTU0NzAxOTAzMjo6MDo6&url=%2FHSR-Winter-Thermal-Fleece-Leggings%2Fdp%2FB0CQ8QHWHV%2Fref%3Dsr_1_2_sspa%3Fdib%3DeyJ2IjoiMSJ9.OWx_ipHDxnEZ6cSrCPdXxNMSsNcyEmofaFULnCHtMhLkkWnFDMVKJGZEC-K2RkyDNIXW8stnEuF2EL-OO1pRKj-ybIGlths6OvOG_jnvy4yhN_K8rid-zzG1yF2_b0iNMBd08QRBLPCMKagCOKFXUyaDPm2TGbQK3r4OWw7G30fN8FkfWgl87E7UzGAuDNUZaZ8xQru9zttrn-ATl8a12KlT9_Xdtbm7B48KI5lKVR6U2P2pb1PlPr7EKMHlb4K2wBa4rneqfqdgS8U6uQib98vfAGWaCVqXo7Lx7qiPy_0.m7xyTUJG2hZUo6DOZYikrM8KbN1fhp1ANx0k5HttDIE%26dib_tag%3Dse%26keywords%3Dwomens%2Bclothing%26qid%3D1747508580%26sr%3D8-2-spons%26sp_csd%3Dd2lkZ2V0TmFtZT1zcF9hdGY%26psc%3D1
Fashion,Women's Clothing,FUNDAY FASHION Women Regular Fit Solid Casual Shirt,359,3.7,https://www.amazon.in/sspa/click?ie=UTF8&spc=MTo4NzAxMTE5NDU4ODcxMTcyOjE3NDc1MDg1ODA6c3BfYXRmOjMwMDAxNjIzNjM0NjkzMjo6MDo6&url=%2FFUNDAY-FASHION-Women-Solid-Casual%2Fdp%2FB0BV7BKK5V%2Fref%3Dsr_1_3_sspa%3Fdib%3DeyJ2IjoiMSJ9.OWx_ipHDxnEZ6cSrCPdXxNMSsNcyEmofaFULnCHtMhLkkWnFDMVKJGZEC-K2RkyDNIXW8stnEuF2EL-OO1pRKj-ybIGlths6OvOG_jnvy4yhN_K8rid-zzG1yF2_b0iNMBd08QRBLPCMKagCOKFXUyaDPm2TGbQK3r4OWw7G30fN8FkfWgl87E7UzGAuDNUZaZ8xQru9zttrn-ATl8a12KlT9_Xdtbm7B48KI5lKVR6U2P2pb1PlPr7EKMHlb4K2wBa4rneqfqdgS8U6uQib98vfAGWaCVqXo7Lx7qiPy_0.m7xyTUJG2hZUo6DOZYikrM8KbN1fhp1ANx0k5HttDIE%26dib_tag%3Dse%26keywords%3Dwomens%2Bclothing%26qid%3D1747508580%26sr%3D8-3-spons%26sp_csd%3Dd2lkZ2V0TmFtZT1zcF9hdGY%26psc%3D1
Fashion,Women's Clothing,Alan Jones Clothing Women's Cotton Hooded Neck Sweatshirt,729,4.1,https://www.amazon.in/sspa/click?ie=UTF8&spc=MTo4NzAxMTE5NDU4ODcxMTcyOjE3NDc1MDg1ODA6c3BfYXRmOjIwMDg5Mjg4OTIwODA2OjowOjo&url=%2FAlan-Jones-Sleeve-Sweatshirt-XX-Large%2Fdp%2FB07T9CZXLY%2Fref%3Dsr_1_4_sspa%3Fdib%3DeyJ2IjoiMSJ9.OWx_ipHDxnEZ6cSrCPdXxNMSsNcyEmofaFULnCHtMhLkkWnFDMVKJGZEC-K2RkyDNIXW8stnEuF2EL-OO1pRKj-ybIGlths6OvOG_jnvy4yhN_K8rid-zzG1yF2_b0iNMBd08QRBLPCMKagCOKFXUyaDPm2TGbQK3r4OWw7G30fN8FkfWgl87E7UzGAuDNUZaZ8xQru9zttrn-ATl8a12KlT9_Xdtbm7B48KI5lKVR6U2P2pb1PlPr7EKMHlb4K2wBa4rneqfqdgS8U6uQib98vfAGWaCVqXo7Lx7qiPy_0.m7xyTUJG2hZUo6DOZYikrM8KbN1fhp1ANx0k5HttDIE%26dib_tag%3Dse%26keywords%3Dwomens%2Bclothing%26qid%3D1747508580%26sr%3D8-4-spons%26sp_csd%3Dd2lkZ2V0TmFtZT1zcF9hdGY%26psc%3D1
Fashion,Women's Clothing,GoSriKi Women's Rayon Viscose Anarkali Printed Kurta with Palazzo & Dupatta,799,3.7,https://www.amazon.in/GoSriKi-Anarkali-Printed-Dupatta-Yellow-GS_M_Yellow_Medium/dp/B0DD76X72T/ref=sr_1_5?dib=eyJ2IjoiMSJ9.OWx_ipHDxnEZ6cSrCPdXxNMSsNcyEmofaFULnCHtMhLkkWnFDMVKJGZEC-K2RkyDNIXW8stnEuF2EL-OO1pRKj-ybIGlths6OvOG_jnvy4yhN_K8rid-zzG1yF2_b0iNMBd08QRBLPCMKagCOKFXUyaDPm2TGbQK3r4OWw7G30fN8FkfWgl87E7UzGAuDNUZaZ8xQru9zttrn-ATl8a12KlT9_Xdtbm7B48KI5lKVR6U2P2pb1PlPr7EKMHlb4K2wBa4rneqfqdgS8U6uQib98vfAGWaCVqXo7Lx7qiPy_0.m7xyTUJG2hZUo6DOZYikrM8KbN1fhp1ANx0k5HttDIE&dib_tag=se&keywords=womens+clothing&qid=1747508580&sr=8-5
Fashion,Women's Clothing,Jockey 1406 Women's High Coverage Super Combed Cotton Mid Waist Hipster with Concealed Waistband and Stay Fresh Treatment (Pack of 3_Colors & Prints May Vary),499,4.2,https://www.amazon.in/Jockey-Womens-Hipster-1406_Dark-Assorted_M/dp/B010FMJP76/ref=sr_1_6?dib=eyJ2IjoiMSJ9.OWx_ipHDxnEZ6cSrCPdXxNMSsNcyEmofaFULnCHtMhLkkWnFDMVKJGZEC-K2RkyDNIXW8stnEuF2EL-OO1pRKj-ybIGlths6OvOG_jnvy4yhN_K8rid-zzG1yF2_b0iNMBd08QRBLPCMKagCOKFXUyaDPm2TGbQK3r4OWw7G30fN8FkfWgl87E7UzGAuDNUZaZ8xQru9zttrn-ATl8a12KlT9_Xdtbm7B48KI5lKVR6U2P2pb1PlPr7EKMHlb4K2wBa4rneqfqdgS8U6uQib98vfAGWaCVqXo7Lx7qiPy_0.m7xyTUJG2hZUo6DOZYikrM8KbN1fhp1ANx0k5HttDIE&dib_tag=se&keywords=womens+clothing&qid=1747508580&sr=8-6
Fashion,Women's Clothing,Nermosa Women Cotton Block Printed Kurta Pant With Dupatta,699,4.1,https://www.amazon.in/Nermosa-Block-Printed-Kurta-Dupatta/dp/B0DCZBTRZ1/ref=sr_1_7?dib=eyJ2IjoiMSJ9.OWx_ipHDxnEZ6cSrCPdXxNMSsNcyEmofaFULnCHtMhLkkWnFDMVKJGZEC-K2RkyDNIXW8stnEuF2EL-OO1pRKj-ybIGlths6OvOG_jnvy4yhN_K8rid-zzG1yF2_b0iNMBd08QRBLPCMKagCOKFXUyaDPm2TGbQK3r4OWw7G30fN8FkfWgl87E7UzGAuDNUZaZ8xQru9zttrn-ATl8a12KlT9_Xdtbm7B48KI5lKVR6U2P2pb1PlPr7EKMHlb4K2wBa4rneqfqdgS8U6uQib98vfAGWaCVqXo7Lx7qiPy_0.m7xyTUJG2hZUo6DOZYikrM8KbN1fhp1ANx0k5HttDIE&dib_tag=se&keywords=womens+clothing&qid=1747508580&sr=8-7
Fashion,Women's Clothing,ANNI DESIGNER Women's Rayon Blend Kurta with Pant,499,4,https://www.amazon.in/ANNI-DESIGNER-Straight-VCM-Blue_L_Blue_Large/dp/B0DFH176DH/ref=sr_1_8?dib=eyJ2IjoiMSJ9.OWx_ipHDxnEZ6cSrCPdXxNMSsNcyEmofaFULnCHtMhLkkWnFDMVKJGZEC-K2RkyDNIXW8stnEuF2EL-OO1pRKj-ybIGlths6OvOG_jnvy4yhN_K8rid-zzG1yF2_b0iNMBd08QRBLPCMKagCOKFXUyaDPm2TGbQK3r4OWw7G30fN8FkfWgl87E7UzGAuDNUZaZ8xQru9zttrn-ATl8a12KlT9_Xdtbm7B48KI5lKVR6U2P2pb1PlPr7EKMHlb4K2wBa4rneqfqdgS8U6uQib98vfAGWaCVqXo7Lx7qiPy_0.m7xyTUJG2hZUo6DOZYikrM8KbN1fhp1ANx0k5HttDIE&dib_tag=se&keywords=womens+clothing&qid=1747508580&sr=8-8
Fashion,Women's Clothing,GRECIILOOKS Textured Trousers for Women | Women Loose Fit Trousers | Women's High-Waisted Pant | Women Trousers Pants | Korean Trousers for Women,549,3.9,https://www.amazon.in/GRECIILOOKS-Textured-Trousers-High-Waisted-Regular/dp/B0DSVZX76B/ref=sr_1_9?dib=eyJ2IjoiMSJ9.OWx_ipHDxnEZ6cSrCPdXxNMSsNcyEmofaFULnCHtMhLkkWnFDMVKJGZEC-K2RkyDNIXW8stnEuF2EL-OO1pRKj-ybIGlths6OvOG_jnvy4yhN_K8rid-zzG1yF2_b0iNMBd08QRBLPCMKagCOKFXUyaDPm2TGbQK3r4OWw7G30fN8FkfWgl87E7UzGAuDNUZaZ8xQru9zttrn-ATl8a12KlT9_Xdtbm7B48KI5lKVR6U2P2pb1PlPr7EKMHlb4K2wBa4rneqfqdgS8U6uQib98vfAGWaCVqXo7Lx7qiPy_0.m7xyTUJG2hZUo6DOZYikrM8KbN1fhp1ANx0k5HttDIE&dib_tag=se&keywords=womens+clothing&qid=1747508580&sr=8-9
Fashion,Women's Clothing,Leriya Fashion Women DRESS,599,4,https://www.amazon.in/Leriya-Fashion-Geometric-LF-W1872-TR920_Blue_S/dp/B0D7N2KF34/ref=sr_1_10?dib=eyJ2IjoiMSJ9.OWx_ipHDxnEZ6cSrCPdXxNMSsNcyEmofaFULnCHtMhLkkWnFDMVKJGZEC-K2RkyDNIXW8stnEuF2EL-OO1pRKj-ybIGlths6OvOG_jnvy4yhN_K8rid-zzG1yF2_b0iNMBd08QRBLPCMKagCOKFXUyaDPm2TGbQK3r4OWw7G30fN8FkfWgl87E7UzGAuDNUZaZ8xQru9zttrn-ATl8a12KlT9_Xdtbm7B48KI5lKVR6U2P2pb1PlPr7EKMHlb4K2wBa4rneqfqdgS8U6uQib98vfAGWaCVqXo7Lx7qiPy_0.m7xyTUJG2hZUo6DOZYikrM8KbN1fhp1ANx0k5HttDIE&dib_tag=se&keywords=womens+clothing&qid=1747508580&sr=8-10
Home,Home Decor,"SPHINX White Ceramic Donut Vase, 6 Inch Modern Flower Vase for Pampas Grass, Dried Flowers, Home & Office Decor, Centerpiece, Handcrafted Gift Vase Only",168,4.1,https://www.amazon.in/SPHINX-Ceramic-Flower-Centrepiece-Gifts-Vase/dp/B0CQ23K1SB/ref=sr_1_1?dib=eyJ2IjoiMSJ9.Fj-dvL-DKr5GiKNVCGfO-5jfbUnRUTpsMbMgiIi-t8QKot86lIv-jIkyycCcXVN2__1IHaK9ifC68q6Qa1EqvZ673OUkbLGaq24dataJ7jFphzVKQsvTsWPk1MKmCoTja0ff_qua3iSf6CySA-3EfgyztiU1xqOwSa1jP9uW_MeIFbd_VVkHtyoDc4FQyZEn022Wi-YwdotRv8KJvGbpi32tUjRCeHoMl2P9iaRe7pkryIRNYdVqediNsxe_9T7-dUHNZhEoZyqDoEGqsU99tsv79SenHo87pg4TG0CrAxQ.sdEnZu-6KfnXDvqaVx3V26lJ4PUsgxAR8EUPAKQbojs&dib_tag=se&keywords=home+decor&qid=1747506101&sr=8-1
Home,Home Decor,Ancient Shoppee Wooden 1 Glass Test Tube Home Decor Planter Modern Flower Vase with Wood Stand Plant Propagation,139,4.2,https://www.amazon.in/Ancient-Shoppee-Wooden-Planter-Propagation/dp/B0CJ744N7Z/ref=sr_1_2?dib=eyJ2IjoiMSJ9.Fj-dvL-DKr5GiKNVCGfO-5jfbUnRUTpsMbMgiIi-t8QKot86lIv-jIkyycCcXVN2__1IHaK9ifC68q6Qa1EqvZ673OUkbLGaq24dataJ7jFphzVKQsvTsWPk1MKmCoTja0ff_qua3iSf6CySA-3EfgyztiU1xqOwSa1jP9uW_MeIFbd_VVkHtyoDc4FQyZEn022Wi-YwdotRv8KJvGbpi32tUjRCeHoMl2P9iaRe7pkryIRNYdVqediNsxe_9T7-dUHNZhEoZyqDoEGqsU99tsv79SenHo87pg4TG0CrAxQ.sdEnZu-6KfnXDvqaVx3V26lJ4PUsgxAR8EUPAKQbojs&dib_tag=se&keywords=home+decor&qid=1747506101&sr=8-2
Home,Home Decor,"Dekorly Artificial Potted Plants, 8 Pack Artificial Plastic Eucalyptus Plants Small Indoor Potted Houseplants, Small Faux Plants for Home Decor Bathroom Office Farmhouse (Set 0F 8)",288,4.2,https://www.amazon.in/Artificial-Plants-Eucalyptus-Houseplants-Home/dp/B0BCKLM33P/ref=sr_1_3?dib=eyJ2IjoiMSJ9.Fj-dvL-DKr5GiKNVCGfO-5jfbUnRUTpsMbMgiIi-t8QKot86lIv-jIkyycCcXVN2__1IHaK9ifC68q6Qa1EqvZ673OUkbLGaq24dataJ7jFphzVKQsvTsWPk1MKmCoTja0ff_qua3iSf6CySA-3EfgyztiU1xqOwSa1jP9uW_MeIFbd_VVkHtyoDc4FQyZEn022Wi-YwdotRv8KJvGbpi32tUjRCeHoMl2P9iaRe7pkryIRNYdVqediNsxe_9T7-dUHNZhEoZyqDoEGqsU99tsv79SenHo87pg4TG0CrAxQ.sdEnZu-6KfnXDvqaVx3V26lJ4PUsgxAR8EUPAKQbojs&dib_tag=se&keywords=home+decor&qid=1747506101&sr=8-3
Home,Home Decor,"Webelkart Premium Wooden Key Holder for Home/Office Decor/Key Hanger for Wall Decor,Decorative Item for Home (Cute Krishna)",275,4.5,https://www.amazon.in/Webelkart-Premium-Wooden-Decorative-Krishna/dp/B0DV5LQXXJ/ref=sr_1_4?dib=eyJ2IjoiMSJ9.Fj-dvL-DKr5GiKNVCGfO-5jfbUnRUTpsMbMgiIi-t8QKot86lIv-jIkyycCcXVN2__1IHaK9ifC68q6Qa1EqvZ673OUkbLGaq24dataJ7jFphzVKQsvTsWPk1MKmCoTja0ff_qua3iSf6CySA-3EfgyztiU1xqOwSa1jP9uW_MeIFbd_VVkHtyoDc4FQyZEn022Wi-YwdotRv8KJvGbpi32tUjRCeHoMl2P9iaRe7pkryIRNYdVqediNsxe_9T7-dUHNZhEoZyqDoEGqsU99tsv79SenHo87pg4TG0CrAxQ.sdEnZu-6KfnXDvqaVx3V26lJ4PUsgxAR8EUPAKQbojs&dib_tag=se&keywords=home+decor&qid=1747506101&sr=8-4
Home,Home Decor,"DOCAT 3D Ocean Wave Effect Night Light for Bedroom, 16 Colors Gradual Rotating LED Projection Night Lamp Projector for Bedroom Light Decor, Crystal Table Lamp for Home, Remote Control (Night Lamp)",297,4.3,https://www.amazon.in/DOCAT-Bedroom-Rotating-Projection-Projector/dp/B0DSJKQXD9/ref=sr_1_5?dib=eyJ2IjoiMSJ9.Fj-dvL-DKr5GiKNVCGfO-5jfbUnRUTpsMbMgiIi-t8QKot86lIv-jIkyycCcXVN2__1IHaK9ifC68q6Qa1EqvZ673OUkbLGaq24dataJ7jFphzVKQsvTsWPk1MKmCoTja0ff_qua3iSf6CySA-3EfgyztiU1xqOwSa1jP9uW_MeIFbd_VVkHtyoDc4FQyZEn022Wi-YwdotRv8KJvGbpi32tUjRCeHoMl2P9iaRe7pkryIRNYdVqediNsxe_9T7-dUHNZhEoZyqDoEGqsU99tsv79SenHo87pg4TG0CrAxQ.sdEnZu-6KfnXDvqaVx3V26lJ4PUsgxAR8EUPAKQbojs&dib_tag=se&keywords=home+decor&qid=1747506101&sr=8-5
Home,Home Decor,"Global Grabbers New 25 Centimetre Meditating Sitting Buddha Statue showpiece Idol Home Decor Items for Living Room and Gifts (1, Orange Black)",378,4.2,https://www.amazon.in/Global-Grabbers-Sitting-Buddha-Showpiece/dp/B07LF3PQYF/ref=sr_1_6?dib=eyJ2IjoiMSJ9.Fj-dvL-DKr5GiKNVCGfO-5jfbUnRUTpsMbMgiIi-t8QKot86lIv-jIkyycCcXVN2__1IHaK9ifC68q6Qa1EqvZ673OUkbLGaq24dataJ7jFphzVKQsvTsWPk1MKmCoTja0ff_qua3iSf6CySA-3EfgyztiU1xqOwSa1jP9uW_MeIFbd_VVkHtyoDc4FQyZEn022Wi-YwdotRv8KJvGbpi32tUjRCeHoMl2P9iaRe7pkryIRNYdVqediNsxe_9T7-dUHNZhEoZyqDoEGqsU99tsv79SenHo87pg4TG0CrAxQ.sdEnZu-6KfnXDvqaVx3V26lJ4PUsgxAR8EUPAKQbojs&dib_tag=se&keywords=home+decor&qid=1747506101&sr=8-6
Home,Home Decor,"Webelkart Premium Home Keys Wooden Key Holder (29 cm x 13.5 cm x 0.4 cm, Wood) 7 Hook - Decorative Items for Home Decor (Brown)",179,4.2,https://www.amazon.in/Webelkart-JC04768/dp/B08PPL3ZM8/ref=sr_1_7?dib=eyJ2IjoiMSJ9.Fj-dvL-DKr5GiKNVCGfO-5jfbUnRUTpsMbMgiIi-t8QKot86lIv-jIkyycCcXVN2__1IHaK9ifC68q6Qa1EqvZ673OUkbLGaq24dataJ7jFphzVKQsvTsWPk1MKmCoTja0ff_qua3iSf6CySA-3EfgyztiU1xqOwSa1jP9uW_MeIFbd_VVkHtyoDc4FQyZEn022Wi-YwdotRv8KJvGbpi32tUjRCeHoMl2P9iaRe7pkryIRNYdVqediNsxe_9T7-dUHNZhEoZyqDoEGqsU99tsv79SenHo87pg4TG0CrAxQ.sdEnZu-6KfnXDvqaVx3V26lJ4PUsgxAR8EUPAKQbojs&dib_tag=se&keywords=home+decor&qid=1747506101&sr=8-7
Home,Home Decor,eCraftIndia Colorful 4 Monks Buddha Figurines - for Home Decor| Office Decor| Chrismas Decor| Diwali Decor| Vaastu Decor| Fengshui,142,4.4,https://www.amazon.in/eCraftIndia-Colorful-Monks-Buddha-Figurines/dp/B07P41VGFP/ref=sr_1_8?dib=eyJ2IjoiMSJ9.Fj-dvL-DKr5GiKNVCGfO-5jfbUnRUTpsMbMgiIi-t8QKot86lIv-jIkyycCcXVN2__1IHaK9ifC68q6Qa1EqvZ673OUkbLGaq24dataJ7jFphzVKQsvTsWPk1MKmCoTja0ff_qua3iSf6CySA-3EfgyztiU1xqOwSa1jP9uW_MeIFbd_VVkHtyoDc4FQyZEn022Wi-YwdotRv8KJvGbpi32tUjRCeHoMl2P9iaRe7pkryIRNYdVqediNsxe_9T7-dUHNZhEoZyqDoEGqsU99tsv79SenHo87pg4TG0CrAxQ.sdEnZu-6KfnXDvqaVx3V26lJ4PUsgxAR8EUPAKQbojs&dib_tag=se&keywords=home+decor&qid=1747506101&sr=8-8
Home,Home Decor,"Artvibes Home Decorative Wall Art MDF Wooden Wall Hanger for Living room | Bedroom | Gifts | Wall Hangings for Decoration | Modern Decor Items | Artworks Canvas Painting (WH_6603N), Set of 6",229,4.3,https://www.amazon.in/Artvibes-Decorative-Livingroom-Hangings-Decoration/dp/B0B94444P5/ref=sr_1_9?dib=eyJ2IjoiMSJ9.Fj-dvL-DKr5GiKNVCGfO-5jfbUnRUTpsMbMgiIi-t8QKot86lIv-jIkyycCcXVN2__1IHaK9ifC68q6Qa1EqvZ673OUkbLGaq24dataJ7jFphzVKQsvTsWPk1MKmCoTja0ff_qua3iSf6CySA-3EfgyztiU1xqOwSa1jP9uW_MeIFbd_VVkHtyoDc4FQyZEn022Wi-YwdotRv8KJvGbpi32tUjRCeHoMl2P9iaRe7pkryIRNYdVqediNsxe_9T7-dUHNZhEoZyqDoEGqsU99tsv79SenHo87pg4TG0CrAxQ.sdEnZu-6KfnXDvqaVx3V26lJ4PUsgxAR8EUPAKQbojs&dib_tag=se&keywords=home+decor&qid=1747506101&sr=8-9
Home,Home Decor,fancymart Plastic Pack Of 2 Artificial Vine Plants Falling With Small Size Pot-Natural Touch&Feel Home Décor-Perfect For Home And Office Decoration-Size 45 Cm | Artificial Plant,261,4.1,https://www.amazon.in/fancymart-Artificial-Vine-Plant-Falling/dp/B0C1W5BKK2/ref=sr_1_10?dib=eyJ2IjoiMSJ9.Fj-dvL-DKr5GiKNVCGfO-5jfbUnRUTpsMbMgiIi-t8QKot86lIv-jIkyycCcXVN2__1IHaK9ifC68q6Qa1EqvZ673OUkbLGaq24dataJ7jFphzVKQsvTsWPk1MKmCoTja0ff_qua3iSf6CySA-3EfgyztiU1xqOwSa1jP9uW_MeIFbd_VVkHtyoDc4FQyZEn022Wi-YwdotRv8KJvGbpi32tUjRCeHoMl2P9iaRe7pkryIRNYdVqediNsxe_9T7-dUHNZhEoZyqDoEGqsU99tsv79SenHo87pg4TG0CrAxQ.sdEnZu-6KfnXDvqaVx3V26lJ4PUsgxAR8EUPAKQbojs&dib_tag=se&keywords=home+decor&qid=1747506101&sr=8-10
Books,Fiction,"White Nights – Fyodor Dostoyevsky | A Million-Copy Bestseller | A Timeless Story of Love, Longing & Solitude – Penguin Classics",97,4.6,https://www.amazon.in/White-Nights-Penguin-Little-Classics/dp/0241252083/ref=sr_1_1?dib=eyJ2IjoiMSJ9.Wmag2ifE4tT7oiGMz3zAbzPRkXURJ7kuRS77JVkXzvlNGdei-KnyDjJburBrIM5tQycUymTNNaTYIeHL6rYDGQF-gKwikjqOQLcJpxwR7q-fgX-Ni5x59UPHxJUGmAA7igFmny_GLoHUsSaUaLTRcTuUZyiEbUUI4XFo7x1CcdAALXewhulrcqPaHEJQa935oBnvTMWgdBumnbx8Jx4w1VEY5Y0hGHn0ysUIu9CB_hI.wk7trDyW8CavYF5FX014FBeUzRm0ffhxFYqDUOYavxk&dib_tag=se&keywords=fiction+books&qid=1747506122&sr=8-1
Books,Fiction,Days at the Morisaki Bookshop: The perfect book to curl up with - for lovers of Japanese translated fiction everywhere,254,4.4,https://www.amazon.in/Days-Morisaki-Bookshop-International-Bestseller/dp/1786583232/ref=sr_1_2?dib=eyJ2IjoiMSJ9.Wmag2ifE4tT7oiGMz3zAbzPRkXURJ7kuRS77JVkXzvlNGdei-KnyDjJburBrIM5tQycUymTNNaTYIeHL6rYDGQF-gKwikjqOQLcJpxwR7q-fgX-Ni5x59UPHxJUGmAA7igFmny_GLoHUsSaUaLTRcTuUZyiEbUUI4XFo7x1CcdAALXewhulrcqPaHEJQa935oBnvTMWgdBumnbx8Jx4w1VEY5Y0hGHn0ysUIu9CB_hI.wk7trDyW8CavYF5FX014FBeUzRm0ffhxFYqDUOYavxk&dib_tag=se&keywords=fiction+books&qid=1747506122&sr=8-2
Books,Fiction,"THE SILENT PATIENT [Paperback] Michaelides, Alex",260,4.6,https://www.amazon.in/Silent-Patient-Alex-Michaelides/dp/1409181634/ref=sr_1_3?dib=eyJ2IjoiMSJ9.Wmag2ifE4tT7oiGMz3zAbzPRkXURJ7kuRS77JVkXzvlNGdei-KnyDjJburBrIM5tQycUymTNNaTYIeHL6rYDGQF-gKwikjqOQLcJpxwR7q-fgX-Ni5x59UPHxJUGmAA7igFmny_GLoHUsSaUaLTRcTuUZyiEbUUI4XFo7x1CcdAALXewhulrcqPaHEJQa935oBnvTMWgdBumnbx8Jx4w1VEY5Y0hGHn0ysUIu9CB_hI.wk7trDyW8CavYF5FX014FBeUzRm0ffhxFYqDUOYavxk&dib_tag=se&keywords=fiction+books&qid=1747506122&sr=8-3
Books,Fiction,Never Lie : A Totally Gripping Thriller with Mind-bending Twists,343,4.3,https://www.amazon.in/Never-Lie-Gripping-Thriller-Mind-bending/dp/0143464523/ref=sr_1_4?dib=eyJ2IjoiMSJ9.Wmag2ifE4tT7oiGMz3zAbzPRkXURJ7kuRS77JVkXzvlNGdei-KnyDjJburBrIM5tQycUymTNNaTYIeHL6rYDGQF-gKwikjqOQLcJpxwR7q-fgX-Ni5x59UPHxJUGmAA7igFmny_GLoHUsSaUaLTRcTuUZyiEbUUI4XFo7x1CcdAALXewhulrcqPaHEJQa935oBnvTMWgdBumnbx8Jx4w1VEY5Y0hGHn0ysUIu9CB_hI.wk7trDyW8CavYF5FX014FBeUzRm0ffhxFYqDUOYavxk&dib_tag=se&keywords=fiction+books&qid=1747506122&sr=8-4
Books,Fiction,You Only Live Once [Paperback] Changle Stuti,180,4.4,https://www.amazon.in/Only-Live-Paperback-Changle-Stuti/dp/0143453580/ref=sr_1_5?dib=eyJ2IjoiMSJ9.Wmag2ifE4tT7oiGMz3zAbzPRkXURJ7kuRS77JVkXzvlNGdei-KnyDjJburBrIM5tQycUymTNNaTYIeHL6rYDGQF-gKwikjqOQLcJpxwR7q-fgX-Ni5x59UPHxJUGmAA7igFmny_GLoHUsSaUaLTRcTuUZyiEbUUI4XFo7x1CcdAALXewhulrcqPaHEJQa935oBnvTMWgdBumnbx8Jx4w1VEY5Y0hGHn0ysUIu9CB_hI.wk7trDyW8CavYF5FX014FBeUzRm0ffhxFYqDUOYavxk&dib_tag=se&keywords=fiction+books&qid=1747506122&sr=8-5
Books,Fiction,Before the Coffee Gets Cold*,348,4.3,https://www.amazon.in/Before-Coffee-Gets-Toshikazu-Kawaguchi/dp/1035035057/ref=sr_1_6?dib=eyJ2IjoiMSJ9.Wmag2ifE4tT7oiGMz3zAbzPRkXURJ7kuRS77JVkXzvlNGdei-KnyDjJburBrIM5tQycUymTNNaTYIeHL6rYDGQF-gKwikjqOQLcJpxwR7q-fgX-Ni5x59UPHxJUGmAA7igFmny_GLoHUsSaUaLTRcTuUZyiEbUUI4XFo7x1CcdAALXewhulrcqPaHEJQa935oBnvTMWgdBumnbx8Jx4w1VEY5Y0hGHn0ysUIu9CB_hI.wk7trDyW8CavYF5FX014FBeUzRm0ffhxFYqDUOYavxk&dib_tag=se&keywords=fiction+books&qid=1747506122&sr=8-6
Books,Fiction,"Can We Be Strangers Again?: A moving tale of love, loyalty, and the bittersweet beauty of letting go",207,4.2,https://www.amazon.in/Can-We-Strangers-Again-bittersweet/dp/0143475924/ref=sr_1_7?dib=eyJ2IjoiMSJ9.Wmag2ifE4tT7oiGMz3zAbzPRkXURJ7kuRS77JVkXzvlNGdei-KnyDjJburBrIM5tQycUymTNNaTYIeHL6rYDGQF-gKwikjqOQLcJpxwR7q-fgX-Ni5x59UPHxJUGmAA7igFmny_GLoHUsSaUaLTRcTuUZyiEbUUI4XFo7x1CcdAALXewhulrcqPaHEJQa935oBnvTMWgdBumnbx8Jx4w1VEY5Y0hGHn0ysUIu9CB_hI.wk7trDyW8CavYF5FX014FBeUzRm0ffhxFYqDUOYavxk&dib_tag=se&keywords=fiction+books&qid=1747506122&sr=8-7
Books,Fiction,A Man Called Ove,246,4.6,https://www.amazon.in/CALLED-FORMAT-Paperback-Backman-Fredrik/dp/1444775812/ref=sr_1_8?dib=eyJ2IjoiMSJ9.Wmag2ifE4tT7oiGMz3zAbzPRkXURJ7kuRS77JVkXzvlNGdei-KnyDjJburBrIM5tQycUymTNNaTYIeHL6rYDGQF-gKwikjqOQLcJpxwR7q-fgX-Ni5x59UPHxJUGmAA7igFmny_GLoHUsSaUaLTRcTuUZyiEbUUI4XFo7x1CcdAALXewhulrcqPaHEJQa935oBnvTMWgdBumnbx8Jx4w1VEY5Y0hGHn0ysUIu9CB_hI.wk7trDyW8CavYF5FX014FBeUzRm0ffhxFYqDUOYavxk&dib_tag=se&keywords=fiction+books&qid=1747506122&sr=8-8
Books,Fiction,"Samsara: Enter the Valley of the Gods (""India's answer to Harry Potter"") | Mythological fiction novel",183,4.3,https://www.amazon.in/Samsara-Valley-Indias-answer-Potter/dp/0143458280/ref=sr_1_9?dib=eyJ2IjoiMSJ9.Wmag2ifE4tT7oiGMz3zAbzPRkXURJ7kuRS77JVkXzvlNGdei-KnyDjJburBrIM5tQycUymTNNaTYIeHL6rYDGQF-gKwikjqOQLcJpxwR7q-fgX-Ni5x59UPHxJUGmAA7igFmny_GLoHUsSaUaLTRcTuUZyiEbUUI4XFo7x1CcdAALXewhulrcqPaHEJQa935oBnvTMWgdBumnbx8Jx4w1VEY5Y0hGHn0ysUIu9CB_hI.wk7trDyW8CavYF5FX014FBeUzRm0ffhxFYqDUOYavxk&dib_tag=se&keywords=fiction+books&qid=1747506122&sr=8-9
Books,Fiction,The Housemaid : An addictive psychological thriller with mind-bending twists,337,4.4,https://www.amazon.in/Housemaid-addictive-psychological-thriller-mind-bending/dp/014346115X/ref=sr_1_10?dib=eyJ2IjoiMSJ9.Wmag2ifE4tT7oiGMz3zAbzPRkXURJ7kuRS77JVkXzvlNGdei-KnyDjJburBrIM5tQycUymTNNaTYIeHL6rYDGQF-gKwikjqOQLcJpxwR7q-fgX-Ni5x59UPHxJUGmAA7igFmny_GLoHUsSaUaLTRcTuUZyiEbUUI4XFo7x1CcdAALXewhulrcqPaHEJQa935oBnvTMWgdBumnbx8Jx4w1VEY5Y0hGHn0ysUIu9CB_hI.wk7trDyW8CavYF5FX014FBeUzRm0ffhxFYqDUOYavxk&dib_tag=se&keywords=fiction+books&qid=1747506122&sr=8-10
Beauty,Makeup,"Lakme 9 to 5 CC Cream Mini, 01 - Beige, Light Face Makeup with Natural Coverage, SPF 30 - Tinted Moisturizer to Brighten Skin, Conceal Dark Spots, 9 g",99,4.1,https://www.amazon.in/Lakme-CC-Cream-Mini-Moisturizer/dp/B01BBNF6C6/ref=sr_1_1?dib=eyJ2IjoiMSJ9.hzvWPj0eJ2GiDreSHMgV08naxj0VUL_x-8JnnjYH37DPmvJ4F5PniX8F5uxUyFNsO9lys-4PMKeIScTMf4fc6xCvL-X5MosqWWyX2LUsaTBg17Rrd9yfi4hZV5r8v_JSidtrETbDIbDDsSm3yFX2BAtu-UilcnqPESoP4gCPbf6Fa9fir89O9mk_cLTZUavJLQtX-EqXOBcLzzF-qrrCVdGH4YzBMa8MeK5s9kKl9Q7ZRiqx5wZ0le7aRr_QAO4GW_HgcQb4KDB2KyWBGy3rqRpEkewxNuT6kr3TqplsyFs.ELiksla5D9Em9s9smWIgfOxM3xolnUoGosbscD4b2FE&dib_tag=se&keywords=makeup&qid=1747506138&sr=8-1
Beauty,Makeup,"Maybelline New York Fit Me Compact Powder, Matte + Poreless Compact Powder, upto 16 hours of Oil Control with SPF 32 PA+++ and UV filters & ideal for normal to oily skin - 128 Warm Nude|6g",168.78,4.1,https://www.amazon.in/Maybelline-York-12Hr-Control-Compact/dp/B08QSWPZS5/ref=sr_1_2?dib=eyJ2IjoiMSJ9.hzvWPj0eJ2GiDreSHMgV08naxj0VUL_x-8JnnjYH37DPmvJ4F5PniX8F5uxUyFNsO9lys-4PMKeIScTMf4fc6xCvL-X5MosqWWyX2LUsaTBg17Rrd9yfi4hZV5r8v_JSidtrETbDIbDDsSm3yFX2BAtu-UilcnqPESoP4gCPbf6Fa9fir89O9mk_cLTZUavJLQtX-EqXOBcLzzF-qrrCVdGH4YzBMa8MeK5s9kKl9Q7ZRiqx5wZ0le7aRr_QAO4GW_HgcQb4KDB2KyWBGy3rqRpEkewxNuT6kr3TqplsyFs.ELiksla5D9Em9s9smWIgfOxM3xolnUoGosbscD4b2FE&dib_tag=se&keywords=makeup&qid=1747506138&sr=8-2
Beauty,Makeup,"Blue Heaven Festive MakeUp Kit For Women, Medium Tone Combo, Pack of 8, 32.1g+45.5ml",640,4,https://www.amazon.in/Blue-Heaven-Festive-Combo-Multicolor/dp/B09HSQ15DZ/ref=sr_1_3_f3_0o_fs_mod_primary_alm?dib=eyJ2IjoiMSJ9.hzvWPj0eJ2GiDreSHMgV08naxj0VUL_x-8JnnjYH37DPmvJ4F5PniX8F5uxUyFNsO9lys-4PMKeIScTMf4fc6xCvL-X5MosqWWyX2LUsaTBg17Rrd9yfi4hZV5r8v_JSidtrETbDIbDDsSm3yFX2BAtu-UilcnqPESoP4gCPbf6Fa9fir89O9mk_cLTZUavJLQtX-EqXOBcLzzF-qrrCVdGH4YzBMa8MeK5s9kKl9Q7ZRiqx5wZ0le7aRr_QAO4GW_HgcQb4KDB2KyWBGy3rqRpEkewxNuT6kr3TqplsyFs.ELiksla5D9Em9s9smWIgfOxM3xolnUoGosbscD4b2FE&dib_tag=se&keywords=makeup&qid=1747506138&sbo=m6DjfpMzMLDmL8pSMKX8hw%3D%3D&sr=8-3
Beauty,Makeup,"Maybelline New York Colossal Kajal, Intense Colour, Waterproof, Long lasting 24Hrs Stay, Black, 0.35g",134.83,4.2,https://www.amazon.in/Maybelline-Colossal-Kajal-Black-0-35g/dp/B06WGZP21B/ref=sr_1_4_mod_primary_new?dib=eyJ2IjoiMSJ9.hzvWPj0eJ2GiDreSHMgV08naxj0VUL_x-8JnnjYH37DPmvJ4F5PniX8F5uxUyFNsO9lys-4PMKeIScTMf4fc6xCvL-X5MosqWWyX2LUsaTBg17Rrd9yfi4hZV5r8v_JSidtrETbDIbDDsSm3yFX2BAtu-UilcnqPESoP4gCPbf6Fa9fir89O9mk_cLTZUavJLQtX-EqXOBcLzzF-qrrCVdGH4YzBMa8MeK5s9kKl9Q7ZRiqx5wZ0le7aRr_QAO4GW_HgcQb4KDB2KyWBGy3rqRpEkewxNuT6kr3TqplsyFs.ELiksla5D9Em9s9smWIgfOxM3xolnUoGosbscD4b2FE&dib_tag=se&keywords=makeup&qid=1747506138&sbo=RZvfv%2F%2FHxDF%2BO5021pAnSA%3D%3D&sr=8-4
Beauty,Makeup,"Insight Cosmetics Lip & Cheek Tint, B07-03",92,3.7,https://www.amazon.in/Cosmetics-Enriched-Multipurpose-Lightweight-B07-03/dp/B0CG6JZ3FP/ref=sr_1_5?dib=eyJ2IjoiMSJ9.hzvWPj0eJ2GiDreSHMgV08naxj0VUL_x-8JnnjYH37DPmvJ4F5PniX8F5uxUyFNsO9lys-4PMKeIScTMf4fc6xCvL-X5MosqWWyX2LUsaTBg17Rrd9yfi4hZV5r8v_JSidtrETbDIbDDsSm3yFX2BAtu-UilcnqPESoP4gCPbf6Fa9fir89O9mk_cLTZUavJLQtX-EqXOBcLzzF-qrrCVdGH4YzBMa8MeK5s9kKl9Q7ZRiqx5wZ0le7aRr_QAO4GW_HgcQb4KDB2KyWBGy3rqRpEkewxNuT6kr3TqplsyFs.ELiksla5D9Em9s9smWIgfOxM3xolnUoGosbscD4b2FE&dib_tag=se&keywords=makeup&qid=1747506138&sr=8-5
Beauty,Makeup,"Maybelline New York Instant Age Rewind Dark Circles Treatment Concealer - Medium, Packed with Goji Berry & Haloxyl, Bright & Refreshed eyes, Erase dark circles & fine lines, Long Lasting Concealer, 6g",449,4,https://www.amazon.in/Maybelline-Instant-Rewind-Concealer-Medium/dp/B079217ZNP/ref=sr_1_6?dib=eyJ2IjoiMSJ9.hzvWPj0eJ2GiDreSHMgV08naxj0VUL_x-8JnnjYH37DPmvJ4F5PniX8F5uxUyFNsO9lys-4PMKeIScTMf4fc6xCvL-X5MosqWWyX2LUsaTBg17Rrd9yfi4hZV5r8v_JSidtrETbDIbDDsSm3yFX2BAtu-UilcnqPESoP4gCPbf6Fa9fir89O9mk_cLTZUavJLQtX-EqXOBcLzzF-qrrCVdGH4YzBMa8MeK5s9kKl9Q7ZRiqx5wZ0le7aRr_QAO4GW_HgcQb4KDB2KyWBGy3rqRpEkewxNuT6kr3TqplsyFs.ELiksla5D9Em9s9smWIgfOxM3xolnUoGosbscD4b2FE&dib_tag=se&keywords=makeup&qid=1747506138&sr=8-6
Beauty,Makeup,"Garnier Skin Naturals, Cleansing Water, Hydrating & Soothing, Micellar Cleansing Water, 125 ml",162,4.4,https://www.amazon.in/Garnier-Naturals-Micellar-Cleansing-Water/dp/B06ZZ5XVR7/ref=sr_1_7_mod_primary_new?dib=eyJ2IjoiMSJ9.hzvWPj0eJ2GiDreSHMgV08naxj0VUL_x-8JnnjYH37DPmvJ4F5PniX8F5uxUyFNsO9lys-4PMKeIScTMf4fc6xCvL-X5MosqWWyX2LUsaTBg17Rrd9yfi4hZV5r8v_JSidtrETbDIbDDsSm3yFX2BAtu-UilcnqPESoP4gCPbf6Fa9fir89O9mk_cLTZUavJLQtX-EqXOBcLzzF-qrrCVdGH4YzBMa8MeK5s9kKl9Q7ZRiqx5wZ0le7aRr_QAO4GW_HgcQb4KDB2KyWBGy3rqRpEkewxNuT6kr3TqplsyFs.ELiksla5D9Em9s9smWIgfOxM3xolnUoGosbscD4b2FE&dib_tag=se&keywords=makeup&qid=1747506138&sbo=RZvfv%2F%2FHxDF%2BO5021pAnSA%3D%3D&sr=8-7
Beauty,Makeup,"HUDA GIRL Beauty Rose Gold Remastered + Nude Edition Eyeshadow Palette Combo Kit - 36 Matte and Shimmer Finishes, Includes Black Eyeshadow - Complete Eye Shadow Palette Set",299,3.8,https://www.amazon.in/HUDA-GIRL-Beauty-Remastered-Eyeshadow/dp/B098R74DJT/ref=sr_1_9?dib=eyJ2IjoiMSJ9.hzvWPj0eJ2GiDreSHMgV08naxj0VUL_x-8JnnjYH37DPmvJ4F5PniX8F5uxUyFNsO9lys-4PMKeIScTMf4fc6xCvL-X5MosqWWyX2LUsaTBg17Rrd9yfi4hZV5r8v_JSidtrETbDIbDDsSm3yFX2BAtu-UilcnqPESoP4gCPbf6Fa9fir89O9mk_cLTZUavJLQtX-EqXOBcLzzF-qrrCVdGH4YzBMa8MeK5s9kKl9Q7ZRiqx5wZ0le7aRr_QAO4GW_HgcQb4KDB2KyWBGy3rqRpEkewxNuT6kr3TqplsyFs.ELiksla5D9Em9s9smWIgfOxM3xolnUoGosbscD4b2FE&dib_tag=se&keywords=makeup&qid=1747506138&sr=8-9
Beauty,Makeup,Swiss Beauty Natural Makeup Fixer | Natural Dewy Finish | With Vitamin E and Aloe Vera | Long-Lasting | Hydrating & Refreshing Setting Spray | 70 ml,217,4,https://www.amazon.in/Natural-Fixer-Long-Lasting-Hydrating-Refreshing/dp/B07SR3WV5N/ref=sr_1_10_mod_primary_new?dib=eyJ2IjoiMSJ9.hzvWPj0eJ2GiDreSHMgV08naxj0VUL_x-8JnnjYH37DPmvJ4F5PniX8F5uxUyFNsO9lys-4PMKeIScTMf4fc6xCvL-X5MosqWWyX2LUsaTBg17Rrd9yfi4hZV5r8v_JSidtrETbDIbDDsSm3yFX2BAtu-UilcnqPESoP4gCPbf6Fa9fir89O9mk_cLTZUavJLQtX-EqXOBcLzzF-qrrCVdGH4YzBMa8MeK5s9kKl9Q7ZRiqx5wZ0le7aRr_QAO4GW_HgcQb4KDB2KyWBGy3rqRpEkewxNuT6kr3TqplsyFs.ELiksla5D9Em9s9smWIgfOxM3xolnUoGosbscD4b2FE&dib_tag=se&keywords=makeup&qid=1747506138&sbo=RZvfv%2F%2FHxDF%2BO5021pAnSA%3D%3D&sr=8-10
Beauty,Makeup,"Insight Cosmetics Lip & Cheek Tint, B07-03",92,3.7,https://www.amazon.in/Cosmetics-Enriched-Multipurpose-Lightweight-B07-03/dp/B0CG6JZ3FP/ref=sr_1_5?dib=eyJ2IjoiMSJ9.hzvWPj0eJ2GiDreSHMgV08naxj0VUL_x-8JnnjYH37DPmvJ4F5PniX8F5uxUyFNsO9lys-4PMKeIScTMf4fc6xCvL-X5MosqWWyX2LUsaTBg17Rrd9yfi4hZV5r8v_JSidtrETbDIbDDsSm3yFX2BAtu-UilcnqPESoP4gCPbf6Fa9fir89O9mk_cLTZUavJLQtX-EqXOBcLzzF-qrrCVdGH4YzBMa8MeK5s9kKl9Q7ZRiqx5wZ0le7aRr_QAO4GW_HgcQb4KDB2KyWBGy3rqRpEkewxNuT6kr3TqplsyFs.ELiksla5D9Em9s9smWIgfOxM3xolnUoGosbscD4b2FE&dib_tag=se&keywords=makeup&qid=1747506138&sr=8-5
Sports,Fitness,"Boldfit Forearm Strengthener Wrist Exercise Equipment Arm Strengthener Grip Strengthener Fitness Equipment Home Gym Equipment For Men & Gym Equipment For Women Grip Workout Forearm Wrist Grip, Black",349,4.1,https://www.amazon.in/Boldfit-Forearm-Strengthener-Exercise-Equipment/dp/B0BS3YY9ZQ/ref=sr_1_1?dib=eyJ2IjoiMSJ9.c5edk5W1P-J6Kanw9LIScGwXzM0Rrj0t20PGRHjbFMjUfAp_VAYFNDq5TIAZW-ApmetNNJp8xnQx78O8_t_aIuHHepBiBLigPwGmeK4ywbWfGPvbnFkNNE0ObhRbGmGeOyOvSiw5yXfiVr0IPRU-TCFjIQLcQSuGjiO8AuXHRk-UYwcBlT8JXi4HNQHtq7aHYQfnNO47TtADz4m39I9Nh0IS_gYEW7rszXA2d41cyi0oSZJrtE3oFUwwB313DDSv41KcpIhb4ml0qa6EUIl-cfsrYy29jC42Nk_GIq2CJAE.t9jMYtnumGQpDZw8f1PYh2ZKD8LtCGHIbuvEbJ-3G3M&dib_tag=se&keywords=fitness+equipment&qid=1747506152&sr=8-1
Sports,Fitness,SILENCIO Sit-Up Bar With Foam Handle and Rubber Suction Seat Up Fitness Equipment Sit-ups and Push-ups Assistant Device For Weight Lose Gym Workout Abdominal Curl Exercise Work Out Trainer (Pack of 1),449,3.9,https://www.amazon.in/SILENCIO-Equipment-Push-ups-Assistant-Abdominal/dp/B09CR1CVW7/ref=sr_1_2?dib=eyJ2IjoiMSJ9.c5edk5W1P-J6Kanw9LIScGwXzM0Rrj0t20PGRHjbFMjUfAp_VAYFNDq5TIAZW-ApmetNNJp8xnQx78O8_t_aIuHHepBiBLigPwGmeK4ywbWfGPvbnFkNNE0ObhRbGmGeOyOvSiw5yXfiVr0IPRU-TCFjIQLcQSuGjiO8AuXHRk-UYwcBlT8JXi4HNQHtq7aHYQfnNO47TtADz4m39I9Nh0IS_gYEW7rszXA2d41cyi0oSZJrtE3oFUwwB313DDSv41KcpIhb4ml0qa6EUIl-cfsrYy29jC42Nk_GIq2CJAE.t9jMYtnumGQpDZw8f1PYh2ZKD8LtCGHIbuvEbJ-3G3M&dib_tag=se&keywords=fitness+equipment&qid=1747506152&sr=8-2
Sports,Fitness,"Boldfit Skipping Rope for Men and Women Jumping Rope With Adjustable Height Speed Skipping Rope for Kids, Women, Girls Rassi Jumping Men for Exercise, Gym, Sports Fitness - Black, Polyvinyl Chlorine",99,4,https://www.amazon.in/Boldfit-Polyvinyl-Chloride-Skipping-Adjustable/dp/B0B5N956P2/ref=sr_1_3?dib=eyJ2IjoiMSJ9.c5edk5W1P-J6Kanw9LIScGwXzM0Rrj0t20PGRHjbFMjUfAp_VAYFNDq5TIAZW-ApmetNNJp8xnQx78O8_t_aIuHHepBiBLigPwGmeK4ywbWfGPvbnFkNNE0ObhRbGmGeOyOvSiw5yXfiVr0IPRU-TCFjIQLcQSuGjiO8AuXHRk-UYwcBlT8JXi4HNQHtq7aHYQfnNO47TtADz4m39I9Nh0IS_gYEW7rszXA2d41cyi0oSZJrtE3oFUwwB313DDSv41KcpIhb4ml0qa6EUIl-cfsrYy29jC42Nk_GIq2CJAE.t9jMYtnumGQpDZw8f1PYh2ZKD8LtCGHIbuvEbJ-3G3M&dib_tag=se&keywords=fitness+equipment&qid=1747506152&sr=8-3
Sports,Fitness,"Boldfit Resistance Tube with Foam Handles, Door Anchor for Exercise & Stretching, Suitable in Home & Gym Workout for Men & Women-10kg-Red",199,3.8,https://www.amazon.in/Boldfit-Resistance-Tube-Handles-10KG/dp/B08NDNFGTP/ref=sr_1_4?dib=eyJ2IjoiMSJ9.c5edk5W1P-J6Kanw9LIScGwXzM0Rrj0t20PGRHjbFMjUfAp_VAYFNDq5TIAZW-ApmetNNJp8xnQx78O8_t_aIuHHepBiBLigPwGmeK4ywbWfGPvbnFkNNE0ObhRbGmGeOyOvSiw5yXfiVr0IPRU-TCFjIQLcQSuGjiO8AuXHRk-UYwcBlT8JXi4HNQHtq7aHYQfnNO47TtADz4m39I9Nh0IS_gYEW7rszXA2d41cyi0oSZJrtE3oFUwwB313DDSv41KcpIhb4ml0qa6EUIl-cfsrYy29jC42Nk_GIq2CJAE.t9jMYtnumGQpDZw8f1PYh2ZKD8LtCGHIbuvEbJ-3G3M&dib_tag=se&keywords=fitness+equipment&qid=1747506152&sr=8-4
Sports,Fitness,"QUXIS Resistance Bands Set for Men and Women, Pack of 5 Different Levels Elastic Band for Home Gym Long Exercise Workout – Great Fitness Equipment for Training, Yoga – Free Carrying Bag",379,4.2,https://www.amazon.in/QUXIS-Resistance-Exercise-Theraband-Multicolor/dp/B0C17FWR59/ref=sr_1_5?dib=eyJ2IjoiMSJ9.c5edk5W1P-J6Kanw9LIScGwXzM0Rrj0t20PGRHjbFMjUfAp_VAYFNDq5TIAZW-ApmetNNJp8xnQx78O8_t_aIuHHepBiBLigPwGmeK4ywbWfGPvbnFkNNE0ObhRbGmGeOyOvSiw5yXfiVr0IPRU-TCFjIQLcQSuGjiO8AuXHRk-UYwcBlT8JXi4HNQHtq7aHYQfnNO47TtADz4m39I9Nh0IS_gYEW7rszXA2d41cyi0oSZJrtE3oFUwwB313DDSv41KcpIhb4ml0qa6EUIl-cfsrYy29jC42Nk_GIq2CJAE.t9jMYtnumGQpDZw8f1PYh2ZKD8LtCGHIbuvEbJ-3G3M&dib_tag=se&keywords=fitness+equipment&qid=1747506152&sr=8-5
Sports,Fitness,"Lifelong PVC Hex Fixed Dumbbells Pack of 2 (1kg*2) Black Color for Home Gym Equipment Fitness Barbell|Gym Exercise|Home Workout, Gym | Weights for Men & Women (6 Months Warranty)",169,3.9,https://www.amazon.in/Lifelong-Dumbbells-Equipment-Exercise-Warranty/dp/B09W5F6KGB/ref=sr_1_6?dib=eyJ2IjoiMSJ9.c5edk5W1P-J6Kanw9LIScGwXzM0Rrj0t20PGRHjbFMjUfAp_VAYFNDq5TIAZW-ApmetNNJp8xnQx78O8_t_aIuHHepBiBLigPwGmeK4ywbWfGPvbnFkNNE0ObhRbGmGeOyOvSiw5yXfiVr0IPRU-TCFjIQLcQSuGjiO8AuXHRk-UYwcBlT8JXi4HNQHtq7aHYQfnNO47TtADz4m39I9Nh0IS_gYEW7rszXA2d41cyi0oSZJrtE3oFUwwB313DDSv41KcpIhb4ml0qa6EUIl-cfsrYy29jC42Nk_GIq2CJAE.t9jMYtnumGQpDZw8f1PYh2ZKD8LtCGHIbuvEbJ-3G3M&dib_tag=se&keywords=fitness+equipment&qid=1747506152&sr=8-6
Sports,Fitness,"Lifelong Foam Roller for Exercise Gym- Deep Tissue Body Massage Roller for Back Pain, Neck & Knee Pain Relief- Yoga Roller Fitness Workout, Muscle Massager Equipment, Muscle Recovery, Stretching Tool",519,4,https://www.amazon.in/Lifelong-Exercise-Recovery-Stretching-LLFR03/dp/B0BRKWT2SN/ref=sr_1_7?dib=eyJ2IjoiMSJ9.c5edk5W1P-J6Kanw9LIScGwXzM0Rrj0t20PGRHjbFMjUfAp_VAYFNDq5TIAZW-ApmetNNJp8xnQx78O8_t_aIuHHepBiBLigPwGmeK4ywbWfGPvbnFkNNE0ObhRbGmGeOyOvSiw5yXfiVr0IPRU-TCFjIQLcQSuGjiO8AuXHRk-UYwcBlT8JXi4HNQHtq7aHYQfnNO47TtADz4m39I9Nh0IS_gYEW7rszXA2d41cyi0oSZJrtE3oFUwwB313DDSv41KcpIhb4ml0qa6EUIl-cfsrYy29jC42Nk_GIq2CJAE.t9jMYtnumGQpDZw8f1PYh2ZKD8LtCGHIbuvEbJ-3G3M&dib_tag=se&keywords=fitness+equipment&qid=1747506152&sr=8-7
Sports,Fitness,"Bodyband Abs Roller for Men & Women Stomach Abs Roller Wheel for Home Workout, Gym Ab Roller for Men Abs Workout Equipment for Abdominal Ab Roller Home Exercise Equipment With Knee Mat -Yellow Black",199,3.7,https://www.amazon.in/Bodyband-Stomach-Equipment-Abdominal-Exercise/dp/B0CR7G9V56/ref=sr_1_8?dib=eyJ2IjoiMSJ9.c5edk5W1P-J6Kanw9LIScGwXzM0Rrj0t20PGRHjbFMjUfAp_VAYFNDq5TIAZW-ApmetNNJp8xnQx78O8_t_aIuHHepBiBLigPwGmeK4ywbWfGPvbnFkNNE0ObhRbGmGeOyOvSiw5yXfiVr0IPRU-TCFjIQLcQSuGjiO8AuXHRk-UYwcBlT8JXi4HNQHtq7aHYQfnNO47TtADz4m39I9Nh0IS_gYEW7rszXA2d41cyi0oSZJrtE3oFUwwB313DDSv41KcpIhb4ml0qa6EUIl-cfsrYy29jC42Nk_GIq2CJAE.t9jMYtnumGQpDZw8f1PYh2ZKD8LtCGHIbuvEbJ-3G3M&dib_tag=se&keywords=fitness+equipment&qid=1747506152&sr=8-8
Sports,Fitness,"Boldfit Adjustable Hand Grip Strengthener, Hand Gripper for Men & Women for Gym Workout Hand Exercise Equipment to Use in Home for Forearm Exercise, Finger Exercise Power Gripper",178,4.1,https://www.amazon.in/Boldfit-Adjustable-Strengthener-Exercise-Equipment/dp/B0B77X44MX/ref=sr_1_9?dib=eyJ2IjoiMSJ9.c5edk5W1P-J6Kanw9LIScGwXzM0Rrj0t20PGRHjbFMjUfAp_VAYFNDq5TIAZW-ApmetNNJp8xnQx78O8_t_aIuHHepBiBLigPwGmeK4ywbWfGPvbnFkNNE0ObhRbGmGeOyOvSiw5yXfiVr0IPRU-TCFjIQLcQSuGjiO8AuXHRk-UYwcBlT8JXi4HNQHtq7aHYQfnNO47TtADz4m39I9Nh0IS_gYEW7rszXA2d41cyi0oSZJrtE3oFUwwB313DDSv41KcpIhb4ml0qa6EUIl-cfsrYy29jC42Nk_GIq2CJAE.t9jMYtnumGQpDZw8f1PYh2ZKD8LtCGHIbuvEbJ-3G3M&dib_tag=se&keywords=fitness+equipment&qid=1747506152&sr=8-9
Sports,Fitness,Lifelong Polypropylene Adjustable Home Gym Exercise Fitness Stepper for Exercise Aerobics Stepper with 3 Height Adjustments| Max Weight 200kg (Black & Red),849,4.3,https://www.amazon.in/Lifelong-Polypropylene-Adjustable-Exercise-Aerobics/dp/B089SNPGMS/ref=sr_1_10?dib=eyJ2IjoiMSJ9.c5edk5W1P-J6Kanw9LIScGwXzM0Rrj0t20PGRHjbFMjUfAp_VAYFNDq5TIAZW-ApmetNNJp8xnQx78O8_t_aIuHHepBiBLigPwGmeK4ywbWfGPvbnFkNNE0ObhRbGmGeOyOvSiw5yXfiVr0IPRU-TCFjIQLcQSuGjiO8AuXHRk-UYwcBlT8JXi4HNQHtq7aHYQfnNO47TtADz4m39I9Nh0IS_gYEW7rszXA2d41cyi0oSZJrtE3oFUwwB313DDSv41KcpIhb4ml0qa6EUIl-cfsrYy29jC42Nk_GIq2CJAE.t9jMYtnumGQpDZw8f1PYh2ZKD8LtCGHIbuvEbJ-3G3M&dib_tag=se&keywords=fitness+equipment&qid=1747506152&sr=8-10
Toys,Board Games,"Popcorn Games & Puzzles 10 in 1 Classic Board Games for Smart Kids|Help to Boost Decision Making,Strategic Thinking and Problem Solving, Family",483,4.1,https://www.amazon.in/sspa/click?ie=UTF8&spc=MTo0MzY1Mzc5OTEwMjQ3Mzc1OjE3NDc1MDYxOTg6c3BfYXRmOjMwMDQ0OTA5MDAxOTkzMjo6MDo6&url=%2FPopcorn-Games-Puzzles-Decision-Strategic%2Fdp%2FB0C8JPGMGM%2Fref%3Dsr_1_1_sspa%3Fdib%3DeyJ2IjoiMSJ9.6riRVh_cc-MpYpZd98knT7AhojuuBZjqq7ESpEBe7pNte5HZv3srigApEN30BQ_vWDI0sD5vn7gsaxiRhAy98Ibut-jq53bLBpEqF9zKnnqrCYzGxPbAK0EH01fXoNc-pcUOdo4wNRr0h49ovJyuTu2z6Q3ofjuESWsIydK9NE78FTfW_unm1Qx6D9a7m-gLivYiXI2rK_pKGSiLuyFQlCagx4vLbpXwqQBu7TRyG98e1WyF3KwsOljgIcMimjrm-01Qb_cWxRMurtH1MJIrUAyBl36c6Pbef0DncvKV6So.yN3C2GxagWpKZLrS2EffGwGNFRuYSdDD4rT4NEPHdZU%26dib_tag%3Dse%26keywords%3Dboard%2Bgames%26qid%3D1747506197%26sr%3D8-1-spons%26sp_csd%3Dd2lkZ2V0TmFtZT1zcF9hdGY%26psc%3D1
Toys,Board Games,"ODWAG Premium Carricade Board Game for Kids,Adults, Family|Interesting Board Game for Home and Party|Exciting Game-Play |Age:8+|2-4 Players|Superior Build Quality",1380,4.3,https://www.amazon.in/sspa/click?ie=UTF8&spc=MTo0MzY1Mzc5OTEwMjQ3Mzc1OjE3NDc1MDYxOTg6c3BfYXRmOjMwMDM4MDg4ODM4NTMzMjo6MDo6&url=%2FCorridor-Interesting-Exciting-Game-Play-breakable%2Fdp%2FB0D5BTWLGL%2Fref%3Dsr_1_2_sspa%3Fdib%3DeyJ2IjoiMSJ9.6riRVh_cc-MpYpZd98knT7AhojuuBZjqq7ESpEBe7pNte5HZv3srigApEN30BQ_vWDI0sD5vn7gsaxiRhAy98Ibut-jq53bLBpEqF9zKnnqrCYzGxPbAK0EH01fXoNc-pcUOdo4wNRr0h49ovJyuTu2z6Q3ofjuESWsIydK9NE78FTfW_unm1Qx6D9a7m-gLivYiXI2rK_pKGSiLuyFQlCagx4vLbpXwqQBu7TRyG98e1WyF3KwsOljgIcMimjrm-01Qb_cWxRMurtH1MJIrUAyBl36c6Pbef0DncvKV6So.yN3C2GxagWpKZLrS2EffGwGNFRuYSdDD4rT4NEPHdZU%26dib_tag%3Dse%26keywords%3Dboard%2Bgames%26qid%3D1747506197%26sr%3D8-2-spons%26sp_csd%3Dd2lkZ2V0TmFtZT1zcF9hdGY%26psc%3D1
Toys,Board Games,"SHASN The Political Strategy Board Game for Adults and Children | 14+ Years | Epic Game of Politics, Ethics and Strategy | 3-5 Players | Multicolor",3699,4.4,https://www.amazon.in/sspa/click?ie=UTF8&spc=MTo0MzY1Mzc5OTEwMjQ3Mzc1OjE3NDc1MDYxOTg6c3BfYXRmOjMwMDIwMzg2NDkzMTAzMjo6MDo6&url=%2FPolitical-Strategy-Children-Politics-Multicolor%2Fdp%2FB0C1NNBL73%2Fref%3Dsr_1_3_sspa%3Fdib%3DeyJ2IjoiMSJ9.6riRVh_cc-MpYpZd98knT7AhojuuBZjqq7ESpEBe7pNte5HZv3srigApEN30BQ_vWDI0sD5vn7gsaxiRhAy98Ibut-jq53bLBpEqF9zKnnqrCYzGxPbAK0EH01fXoNc-pcUOdo4wNRr0h49ovJyuTu2z6Q3ofjuESWsIydK9NE78FTfW_unm1Qx6D9a7m-gLivYiXI2rK_pKGSiLuyFQlCagx4vLbpXwqQBu7TRyG98e1WyF3KwsOljgIcMimjrm-01Qb_cWxRMurtH1MJIrUAyBl36c6Pbef0DncvKV6So.yN3C2GxagWpKZLrS2EffGwGNFRuYSdDD4rT4NEPHdZU%26dib_tag%3Dse%26keywords%3Dboard%2Bgames%26qid%3D1747506197%26sr%3D8-3-spons%26sp_csd%3Dd2lkZ2V0TmFtZT1zcF9hdGY%26psc%3D1
Toys,Board Games,"Frank Treasure Island Board Game | Family Games for Kids 5+ Years & Adults | 2 Players Fun & Challenging Brain Booster Logical Game | Interactive Memory Game Gift for 5+ Year Old Boys, Girls & Teens",449,4.2,https://www.amazon.in/sspa/click?ie=UTF8&spc=MTo0MzY1Mzc5OTEwMjQ3Mzc1OjE3NDc1MDYxOTg6c3BfYXRmOjMwMDE2MDE5MzI0NjYzMjo6MDo6&url=%2FFrank-22112-Treasure-Island%2Fdp%2FB009REZ55A%2Fref%3Dsr_1_4_sspa%3Fdib%3DeyJ2IjoiMSJ9.6riRVh_cc-MpYpZd98knT7AhojuuBZjqq7ESpEBe7pNte5HZv3srigApEN30BQ_vWDI0sD5vn7gsaxiRhAy98Ibut-jq53bLBpEqF9zKnnqrCYzGxPbAK0EH01fXoNc-pcUOdo4wNRr0h49ovJyuTu2z6Q3ofjuESWsIydK9NE78FTfW_unm1Qx6D9a7m-gLivYiXI2rK_pKGSiLuyFQlCagx4vLbpXwqQBu7TRyG98e1WyF3KwsOljgIcMimjrm-01Qb_cWxRMurtH1MJIrUAyBl36c6Pbef0DncvKV6So.yN3C2GxagWpKZLrS2EffGwGNFRuYSdDD4rT4NEPHdZU%26dib_tag%3Dse%26keywords%3Dboard%2Bgames%26qid%3D1747506197%26sr%3D8-4-spons%26sp_csd%3Dd2lkZ2V0TmFtZT1zcF9hdGY%26psc%3D1
Toys,Board Games,"Popcorn Games & Puzzles 10 in 1 Classic Board Games for Smart Kids|Help to Boost Decision Making,Strategic Thinking and Problem Solving, Family",483,4.1,https://www.amazon.in/Popcorn-Games-Puzzles-Decision-Strategic/dp/B0C8JPGMGM/ref=sr_1_5?dib=eyJ2IjoiMSJ9.6riRVh_cc-MpYpZd98knT7AhojuuBZjqq7ESpEBe7pNte5HZv3srigApEN30BQ_vWDI0sD5vn7gsaxiRhAy98Ibut-jq53bLBpEqF9zKnnqrCYzGxPbAK0EH01fXoNc-pcUOdo4wNRr0h49ovJyuTu2z6Q3ofjuESWsIydK9NE78FTfW_unm1Qx6D9a7m-gLivYiXI2rK_pKGSiLuyFQlCagx4vLbpXwqQBu7TRyG98e1WyF3KwsOljgIcMimjrm-01Qb_cWxRMurtH1MJIrUAyBl36c6Pbef0DncvKV6So.yN3C2GxagWpKZLrS2EffGwGNFRuYSdDD4rT4NEPHdZU&dib_tag=se&keywords=board+games&qid=1747506197&sr=8-5
Toys,Board Games,"Clapjoy Slingo Fastest Finger First Board Game for Adults & Kids Wooden String Hockey Game Sling Puck Board Hockey Toy Perfect for Family Entertainment, Birthday Party, Christmas Gift",730,4.2,https://www.amazon.in/Clapjoy-Faster-Finger-Fastest-Children/dp/B09FJKN8K5/ref=sr_1_6?dib=eyJ2IjoiMSJ9.6riRVh_cc-MpYpZd98knT7AhojuuBZjqq7ESpEBe7pNte5HZv3srigApEN30BQ_vWDI0sD5vn7gsaxiRhAy98Ibut-jq53bLBpEqF9zKnnqrCYzGxPbAK0EH01fXoNc-pcUOdo4wNRr0h49ovJyuTu2z6Q3ofjuESWsIydK9NE78FTfW_unm1Qx6D9a7m-gLivYiXI2rK_pKGSiLuyFQlCagx4vLbpXwqQBu7TRyG98e1WyF3KwsOljgIcMimjrm-01Qb_cWxRMurtH1MJIrUAyBl36c6Pbef0DncvKV6So.yN3C2GxagWpKZLrS2EffGwGNFRuYSdDD4rT4NEPHdZU&dib_tag=se&keywords=board+games&qid=1747506197&sr=8-6
Toys,Board Games,"Funskool Scotland Yard, A Compelling Detective Game, Strategy Game, Board Game for kids, Adults, Educational, 3 to 6 Players, Family Fun, Activity Toy for Childrens, Gift Set for Kid, Ages 7+ Years",590,4.4,https://www.amazon.in/Funskool-Scotland-Yard-Compelling-Detective/dp/B00ET0MMM6/ref=sr_1_7?dib=eyJ2IjoiMSJ9.6riRVh_cc-MpYpZd98knT7AhojuuBZjqq7ESpEBe7pNte5HZv3srigApEN30BQ_vWDI0sD5vn7gsaxiRhAy98Ibut-jq53bLBpEqF9zKnnqrCYzGxPbAK0EH01fXoNc-pcUOdo4wNRr0h49ovJyuTu2z6Q3ofjuESWsIydK9NE78FTfW_unm1Qx6D9a7m-gLivYiXI2rK_pKGSiLuyFQlCagx4vLbpXwqQBu7TRyG98e1WyF3KwsOljgIcMimjrm-01Qb_cWxRMurtH1MJIrUAyBl36c6Pbef0DncvKV6So.yN3C2GxagWpKZLrS2EffGwGNFRuYSdDD4rT4NEPHdZU&dib_tag=se&keywords=board+games&qid=1747506197&sr=8-7
Toys,Board Games,"SHINETOY ENTERTAIN KIDS Ice-Block Breaking Game Save Penguin Toys Table, Penguin Trap Ice Breaking Board Game Toys for Kids Boys Girls Parent-Child Intelligence",459,4.4,https://www.amazon.in/SHINETOY-ENTERTAIN-Breaking-Penguin-Board/dp/B0D5HGYFML/ref=sr_1_8?dib=eyJ2IjoiMSJ9.6riRVh_cc-MpYpZd98knT7AhojuuBZjqq7ESpEBe7pNte5HZv3srigApEN30BQ_vWDI0sD5vn7gsaxiRhAy98Ibut-jq53bLBpEqF9zKnnqrCYzGxPbAK0EH01fXoNc-pcUOdo4wNRr0h49ovJyuTu2z6Q3ofjuESWsIydK9NE78FTfW_unm1Qx6D9a7m-gLivYiXI2rK_pKGSiLuyFQlCagx4vLbpXwqQBu7TRyG98e1WyF3KwsOljgIcMimjrm-01Qb_cWxRMurtH1MJIrUAyBl36c6Pbef0DncvKV6So.yN3C2GxagWpKZLrS2EffGwGNFRuYSdDD4rT4NEPHdZU&dib_tag=se&keywords=board+games&qid=1747506197&sr=8-8
Toys,Board Games,"Hasbro Gaming Battleship Board Game, Classic Strategy Play for Kids and Adults, for Boys & Girls Ages 7 and Up, for 2 Players, Birthday Gift",1099,4.3,https://www.amazon.in/Hasbro-Battleship-Classic-Strategy-Players/dp/B08662XYXD/ref=sr_1_9?dib=eyJ2IjoiMSJ9.6riRVh_cc-MpYpZd98knT7AhojuuBZjqq7ESpEBe7pNte5HZv3srigApEN30BQ_vWDI0sD5vn7gsaxiRhAy98Ibut-jq53bLBpEqF9zKnnqrCYzGxPbAK0EH01fXoNc-pcUOdo4wNRr0h49ovJyuTu2z6Q3ofjuESWsIydK9NE78FTfW_unm1Qx6D9a7m-gLivYiXI2rK_pKGSiLuyFQlCagx4vLbpXwqQBu7TRyG98e1WyF3KwsOljgIcMimjrm-01Qb_cWxRMurtH1MJIrUAyBl36c6Pbef0DncvKV6So.yN3C2GxagWpKZLrS2EffGwGNFRuYSdDD4rT4NEPHdZU&dib_tag=se&keywords=board+games&qid=1747506197&sr=8-9
Toys,Board Games,"Funskool Strike 4, Classic Disc Dropping Game, Strategy Game, Board Game for kids, Adults, Families, Educational, 2 Players, Family Fun, Activity Toy for Childrens, Gift Set for Kid, Ages 6+ Years",361,4.5,https://www.amazon.in/Funskool-Games-Classic-Dropping-Connect/dp/B08ZKFTXYJ/ref=sr_1_10?dib=eyJ2IjoiMSJ9.6riRVh_cc-MpYpZd98knT7AhojuuBZjqq7ESpEBe7pNte5HZv3srigApEN30BQ_vWDI0sD5vn7gsaxiRhAy98Ibut-jq53bLBpEqF9zKnnqrCYzGxPbAK0EH01fXoNc-pcUOdo4wNRr0h49ovJyuTu2z6Q3ofjuESWsIydK9NE78FTfW_unm1Qx6D9a7m-gLivYiXI2rK_pKGSiLuyFQlCagx4vLbpXwqQBu7TRyG98e1WyF3KwsOljgIcMimjrm-01Qb_cWxRMurtH1MJIrUAyBl36c6Pbef0DncvKV6So.yN3C2GxagWpKZLrS2EffGwGNFRuYSdDD4rT4NEPHdZU&dib_tag=se&keywords=board+games&qid=1747506197&sr=8-10
Grocery,Snacks,"GreenFinity Mixed Dry Fruits Pack – 500g | Nutritious Snack with Almonds, Cashews, Raisins & Cranberries | Resealable Pack for Freshness",309,4.1,https://www.amazon.in/GreenFinity-Mixed-Dry-Fruits-Pack/dp/B0F7QHJ6H6/ref=sr_1_1?dib=eyJ2IjoiMSJ9.5XCwCmfNcoteymKLBMv9PybSH3-2sGukLNOIp5xbIXWUd-zJnACuWEjxJIO3Ly2ys5swmKTemxicyaF_EMUGFubWDmDYpurYf8VAR5YnHBwECsi1a62LXpHIwtFv3gbBO38Z5nWqz9FBOkdC35JgjSWfwckcCt4i1dz7ZujmHJCSnIeSWfB-9a1uVQdyYDKz_eO2aWgQU8PZn9-L3EqDste4qsl-uq1npl7c83l_YMkYK17p3HGFGeWBE_TRznBZ5yfVj8PqVX1IxrBkHdPwew_xmVpErMLhyA6Gg8S8ack.U5xMINtAKJ2F4XavjoF6As9RE0gOfvm9utjh_brJJwQ&dib_tag=se&keywords=snacks&qid=1747506187&sr=8-1
Grocery,Snacks,Beyond Snack Kerala Banana Chips - Original Style 30g/25 Gms (Weight may vary),,4.1,https://www.amazon.in/Beyond-Sn%C3%A1ck-Kerala-Banana-Chips/dp/B09R82ZR1H/ref=sr_1_2_f3_0o_fs?dib=eyJ2IjoiMSJ9.5XCwCmfNcoteymKLBMv9PybSH3-2sGukLNOIp5xbIXWUd-zJnACuWEjxJIO3Ly2ys5swmKTemxicyaF_EMUGFubWDmDYpurYf8VAR5YnHBwECsi1a62LXpHIwtFv3gbBO38Z5nWqz9FBOkdC35JgjSWfwckcCt4i1dz7ZujmHJCSnIeSWfB-9a1uVQdyYDKz_eO2aWgQU8PZn9-L3EqDste4qsl-uq1npl7c83l_YMkYK17p3HGFGeWBE_TRznBZ5yfVj8PqVX1IxrBkHdPwew_xmVpErMLhyA6Gg8S8ack.U5xMINtAKJ2F4XavjoF6As9RE0gOfvm9utjh_brJJwQ&dib_tag=se&keywords=snacks&qid=1747506187&sr=8-2
Grocery,Snacks,Farmley Achaari Munchies Made With Makhanas Healthy Snacks (33 g),,3.8,https://www.amazon.in/Farmley-Achaari-Munchies-Makhanas-Healthy/dp/B0DJPBRC1C/ref=sr_1_10_f3_0o_fs?dib=eyJ2IjoiMSJ9.5XCwCmfNcoteymKLBMv9PybSH3-2sGukLNOIp5xbIXWUd-zJnACuWEjxJIO3Ly2ys5swmKTemxicyaF_EMUGFubWDmDYpurYf8VAR5YnHBwECsi1a62LXpHIwtFv3gbBO38Z5nWqz9FBOkdC35JgjSWfwckcCt4i1dz7ZujmHJCSnIeSWfB-9a1uVQdyYDKz_eO2aWgQU8PZn9-L3EqDste4qsl-uq1npl7c83l_YMkYK17p3HGFGeWBE_TRznBZ5yfVj8PqVX1IxrBkHdPwew_xmVpErMLhyA6Gg8S8ack.U5xMINtAKJ2F4XavjoF6As9RE0gOfvm9utjh_brJJwQ&dib_tag=se&keywords=snacks&qid=1747506187&sr=8-10
Grocery,Snacks,Bhujialalji Soya Sticks (pack of 1) 150g | snacks | Namkeen savoury chips | All time favourite indian snacks/Namkeen | Ready to eat | Crispy & Light snacks.,,4.3,https://www.amazon.in/Bhujialalji-Namkeen-savoury-favourite-snacks/dp/B0CH1FZVX7/ref=sr_1_4_f3_0o_fs?dib=eyJ2IjoiMSJ9.5XCwCmfNcoteymKLBMv9PybSH3-2sGukLNOIp5xbIXWUd-zJnACuWEjxJIO3Ly2ys5swmKTemxicyaF_EMUGFubWDmDYpurYf8VAR5YnHBwECsi1a62LXpHIwtFv3gbBO38Z5nWqz9FBOkdC35JgjSWfwckcCt4i1dz7ZujmHJCSnIeSWfB-9a1uVQdyYDKz_eO2aWgQU8PZn9-L3EqDste4qsl-uq1npl7c83l_YMkYK17p3HGFGeWBE_TRznBZ5yfVj8PqVX1IxrBkHdPwew_xmVpErMLhyA6Gg8S8ack.U5xMINtAKJ2F4XavjoF6As9RE0gOfvm9utjh_brJJwQ&dib_tag=se&keywords=snacks&qid=1747506187&sr=8-4
Grocery,Snacks,"Britannia Little Hearts, 75g",,4.5,https://www.amazon.in/Britannia-Little-Heart-75g/dp/B077JSZ95H/ref=sr_1_5_f3_0o_fs?dib=eyJ2IjoiMSJ9.5XCwCmfNcoteymKLBMv9PybSH3-2sGukLNOIp5xbIXWUd-zJnACuWEjxJIO3Ly2ys5swmKTemxicyaF_EMUGFubWDmDYpurYf8VAR5YnHBwECsi1a62LXpHIwtFv3gbBO38Z5nWqz9FBOkdC35JgjSWfwckcCt4i1dz7ZujmHJCSnIeSWfB-9a1uVQdyYDKz_eO2aWgQU8PZn9-L3EqDste4qsl-uq1npl7c83l_YMkYK17p3HGFGeWBE_TRznBZ5yfVj8PqVX1IxrBkHdPwew_xmVpErMLhyA6Gg8S8ack.U5xMINtAKJ2F4XavjoF6As9RE0gOfvm9utjh_brJJwQ&dib_tag=se&keywords=snacks&qid=1747506187&sr=8-5
Grocery,Snacks,"Lay's Potato Chips 48 Gram, American Style Cream & Onion Flavour, Crunchy Chips & Snacks (Weight May Vary)",,4.4,https://www.amazon.in/Lays-American-Style-Cream-Onion/dp/B00PNQYFFM/ref=sr_1_6_f3_0o_fs?dib=eyJ2IjoiMSJ9.5XCwCmfNcoteymKLBMv9PybSH3-2sGukLNOIp5xbIXWUd-zJnACuWEjxJIO3Ly2ys5swmKTemxicyaF_EMUGFubWDmDYpurYf8VAR5YnHBwECsi1a62LXpHIwtFv3gbBO38Z5nWqz9FBOkdC35JgjSWfwckcCt4i1dz7ZujmHJCSnIeSWfB-9a1uVQdyYDKz_eO2aWgQU8PZn9-L3EqDste4qsl-uq1npl7c83l_YMkYK17p3HGFGeWBE_TRznBZ5yfVj8PqVX1IxrBkHdPwew_xmVpErMLhyA6Gg8S8ack.U5xMINtAKJ2F4XavjoF6As9RE0gOfvm9utjh_brJJwQ&dib_tag=se&keywords=snacks&qid=1747506187&sr=8-6
Grocery,Snacks,"Kurkure Yummy Cheese Puffcorn Namkeen, 28g",,4.4,https://www.amazon.in/Kurkure-Yummy-Cheese-Puffcorn-Namkeen/dp/B00EZZPS80/ref=sr_1_7_f3_0o_fs?dib=eyJ2IjoiMSJ9.5XCwCmfNcoteymKLBMv9PybSH3-2sGukLNOIp5xbIXWUd-zJnACuWEjxJIO3Ly2ys5swmKTemxicyaF_EMUGFubWDmDYpurYf8VAR5YnHBwECsi1a62LXpHIwtFv3gbBO38Z5nWqz9FBOkdC35JgjSWfwckcCt4i1dz7ZujmHJCSnIeSWfB-9a1uVQdyYDKz_eO2aWgQU8PZn9-L3EqDste4qsl-uq1npl7c83l_YMkYK17p3HGFGeWBE_TRznBZ5yfVj8PqVX1IxrBkHdPwew_xmVpErMLhyA6Gg8S8ack.U5xMINtAKJ2F4XavjoF6As9RE0gOfvm9utjh_brJJwQ&dib_tag=se&keywords=snacks&qid=1747506187&sr=8-7
Grocery,Snacks,"Epiken Crax Moong Dal Namkeen 160g||Crunchy & Spicy Moong dal Bhujia Snack|Indian Namkeen|Spicy Tadka|Social Gatherings,Fun Snack|Crunchy Gourmet Snacks for Parties,Drinks,Tea & Coffee|100% Vegetarian",,4.3,https://www.amazon.in/CRAX-MOONG-DAL-Namkeen-160G/dp/B0CRDDDMYF/ref=sr_1_8_f3_0o_fs?dib=eyJ2IjoiMSJ9.5XCwCmfNcoteymKLBMv9PybSH3-2sGukLNOIp5xbIXWUd-zJnACuWEjxJIO3Ly2ys5swmKTemxicyaF_EMUGFubWDmDYpurYf8VAR5YnHBwECsi1a62LXpHIwtFv3gbBO38Z5nWqz9FBOkdC35JgjSWfwckcCt4i1dz7ZujmHJCSnIeSWfB-9a1uVQdyYDKz_eO2aWgQU8PZn9-L3EqDste4qsl-uq1npl7c83l_YMkYK17p3HGFGeWBE_TRznBZ5yfVj8PqVX1IxrBkHdPwew_xmVpErMLhyA6Gg8S8ack.U5xMINtAKJ2F4XavjoF6As9RE0gOfvm9utjh_brJJwQ&dib_tag=se&keywords=snacks&qid=1747506187&sr=8-8
Grocery,Snacks,"PrettyNutty Healthy Nutmix 500g, Dried Almonds, Black Raisins, Cashewnuts, Cranberries, Black Dates & Many More. (Pack of Jar)",324,3.6,https://www.amazon.in/PrettyNutty-Healthy-Almonds-Cashewnuts-Cranberries/dp/B0CFB78BFM/ref=sr_1_9?dib=eyJ2IjoiMSJ9.5XCwCmfNcoteymKLBMv9PybSH3-2sGukLNOIp5xbIXWUd-zJnACuWEjxJIO3Ly2ys5swmKTemxicyaF_EMUGFubWDmDYpurYf8VAR5YnHBwECsi1a62LXpHIwtFv3gbBO38Z5nWqz9FBOkdC35JgjSWfwckcCt4i1dz7ZujmHJCSnIeSWfB-9a1uVQdyYDKz_eO2aWgQU8PZn9-L3EqDste4qsl-uq1npl7c83l_YMkYK17p3HGFGeWBE_TRznBZ5yfVj8PqVX1IxrBkHdPwew_xmVpErMLhyA6Gg8S8ack.U5xMINtAKJ2F4XavjoF6As9RE0gOfvm9utjh_brJJwQ&dib_tag=se&keywords=snacks&qid=1747506187&sr=8-9
Grocery,Snacks,"Sunfeast Dark Fantasy Yumfills Whoopie Pie, Chocolate Chip, 253g",79,4.3,https://www.amazon.in/Sunfeast-Yumfills-Whoopie-Chocolate-Chip/dp/B06WGM2HK2/ref=sr_1_3_f3_0o_fs_mod_primary_alm?dib=eyJ2IjoiMSJ9.5XCwCmfNcoteymKLBMv9PybSH3-2sGukLNOIp5xbIXWUd-zJnACuWEjxJIO3Ly2ys5swmKTemxicyaF_EMUGFubWDmDYpurYf8VAR5YnHBwECsi1a62LXpHIwtFv3gbBO38Z5nWqz9FBOkdC35JgjSWfwckcCt4i1dz7ZujmHJCSnIeSWfB-9a1uVQdyYDKz_eO2aWgQU8PZn9-L3EqDste4qsl-uq1npl7c83l_YMkYK17p3HGFGeWBE_TRznBZ5yfVj8PqVX1IxrBkHdPwew_xmVpErMLhyA6Gg8S8ack.U5xMINtAKJ2F4XavjoF6As9RE0gOfvm9utjh_brJJwQ&dib_tag=se&keywords=snacks&qid=1747506187&sbo=m6DjfpMzMLDmL8pSMKX8hw%3D%3D&sr=8-3
